751.64; 5205.25; 3414.50; 8522.40; 3662.23; 3762.42; 750.45; 8883.39; 3601.83; 1842.84; 2228.55; 1889.11; 7339.28; 3212.21; 6669.66; 7634.99; 6584.95; 2467.81; 2287.62; 9033.58; 3468.00; 8542.06; 3296.70; 6028.00; 2051.15; 9175.40; 3828.72; 5907.55; 6967.91; 1590.75; 943.18; 6975.80; 3677.65; 812.43; 5819.78; -399.38; 6119.11; 8659.89; -380.29; 3791.38; 0;0;0;0;0;0;0;0;0;0;0;0;0;0;0;0;0;0;0;0;0;0;0;0;0;0;0;0;0;0;0;0;0;0;0;0;0;0;0;0;Best solution: ;
751.64; 5205.25; 3414.50; 8522.40; 3662.23; 3762.42; 750.45; 8883.39; 3601.83; 1842.84; 2228.55; 1889.11; 7339.28; 3212.21; 6669.66; 7634.99; 6584.95; 2467.81; 2287.62; 9033.58; 3468.00; 8542.06; 3296.70; 6028.00; 2051.15; 9175.40; 3828.72; 5907.55; 6967.91; 1590.75; 943.18; 6975.80; 3677.65; 812.43; 5819.78; 3374.55; 6119.11; 8659.89; -380.29; 3791.38; 0;0;0;0;0;0;0;0;0;0;0;0;0;0;0;0;0;0;0;0;0;0;0;0;0;0;0;0;0;0;0;0;0;0;0;0;0;0;0;0;Best solution: ;
751.64; 5205.25; 3414.50; 8522.40; 3662.23; 3762.42; 750.45; 8883.39; 9425.14; 1842.84; 2228.55; 1889.11; 7339.28; 3212.21; 6669.66; 7634.99; 6584.95; 2467.81; 2287.62; 9033.58; 3468.00; 8542.06; 3296.70; 6028.00; 2051.15; 9175.40; 3828.72; 5907.55; 6967.91; 1590.75; 943.18; 6975.80; 3677.65; 812.43; 5819.78; 3374.55; 6119.11; 8659.89; -380.29; 3791.38; 0;0;0;0;0;0;0;0;0;0;0;0;0;0;0;0;0;0;0;0;0;0;0;0;0;0;0;0;0;0;0;0;0;0;0;0;0;0;0;0;Best solution: ;
751.64; 5205.25; 3414.50; 8522.40; 3662.23; 3762.42; 750.45; 8883.39; 9425.14; 1842.84; 2228.55; 1889.11; 7435.04; 3212.21; 6669.66; 7634.99; 6584.95; 2467.81; 2287.62; 9033.58; 3468.00; 8542.06; 3296.70; 6028.00; 2051.15; 9175.40; 3828.72; 5907.55; 6967.91; 1590.75; 943.18; 6975.80; 3677.65; 812.43; 5819.78; 3374.55; 6119.11; 8659.89; -380.29; 3791.38; 0;0;0;0;0;0;0;0;0;0;0;0;0;0;0;0;0;0;0;0;0;0;0;0;0;0;0;0;0;0;0;0;0;0;0;0;0;0;0;0;Best solution: ;
751.64; 5205.25; 3414.50; 8522.40; 3662.23; 3762.42; 1842.84; 8883.39; 9425.14; 1842.84; 2228.55; 1889.11; 7435.04; 3212.21; 6669.66; 7634.99; 6584.95; 2467.81; 2287.62; 9033.58; 3468.00; 8542.06; 3296.70; 6028.00; 2051.15; 9175.40; 3828.72; 5907.55; 6967.91; 1590.75; 943.18; 6975.80; 3677.65; 812.43; 5819.78; 3374.55; 6119.11; 8659.89; -380.29; 3791.38; 0;0;0;0;0;0;0;0;0;0;0;0;0;0;0;0;0;0;0;0;0;0;0;0;0;0;0;0;0;0;0;0;0;0;0;0;0;0;0;0;Best solution: ;
751.64; 5205.25; 3414.50; 8522.40; 3662.23; 3762.42; 1842.84; 8883.39; 9425.14; 1842.84; 2228.55; 1889.11; 7435.04; 3212.21; 6669.66; 7635.15; 6584.95; 2467.81; 2287.62; 9033.58; 3468.00; 8542.06; 3296.70; 6028.00; 2051.15; 9175.40; 3828.72; 5907.55; 6967.91; 1590.75; 943.18; 6975.80; 3677.65; 812.43; 5819.78; 3374.55; 6119.11; 8659.89; -380.29; 3791.38; 0;0;0;0;0;0;0;0;0;0;0;0;0;0;0;0;0;0;0;0;0;0;0;0;0;0;0;0;0;0;0;0;0;0;0;0;0;0;0;0;Best solution: ;
751.64; 5205.25; 3414.50; 8522.40; 3662.23; 3762.42; 1842.84; 8883.39; 9425.14; 1842.84; 2228.55; 1889.11; 7435.04; 3212.21; 6669.66; 7635.15; 6584.95; 2467.81; 2287.62; 9033.58; 3468.00; 8542.06; 3296.70; 6028.00; 2051.15; 9175.40; 3828.72; 5907.55; 7057.25; 1590.75; 943.18; 6975.80; 3677.65; 812.43; 5819.78; 3374.55; 6119.11; 8659.89; -380.29; 3791.38; 0;0;0;0;0;0;0;0;0;0;0;0;0;0;0;0;0;0;0;0;0;0;0;0;0;0;0;0;0;0;0;0;0;0;0;0;0;0;0;0;Best solution: ;
751.64; 5205.25; 3414.50; 8522.40; 3662.23; 3762.42; 1842.84; 8883.39; 9425.14; 1842.84; 2228.55; 1889.11; 7435.04; 3212.21; 6669.66; 7635.15; 6584.95; 2467.81; 2287.62; 9033.58; 3468.00; 8542.06; 3296.70; 6028.00; 2051.15; 9175.40; 3828.72; 5907.55; 7057.25; 1590.75; 943.18; 8759.25; 3677.65; 812.43; 5819.78; 3374.55; 6119.11; 8659.89; -380.29; 3791.38; 0;0;0;0;0;0;0;0;0;0;0;0;0;0;0;0;0;0;0;0;0;0;0;0;0;0;0;0;0;0;0;0;0;0;0;0;0;0;0;0;Best solution: ;
1552.86; 5205.25; 3414.50; 8522.40; 3662.23; 3762.42; 1842.84; 8883.39; 9425.14; 1842.84; 2228.55; 1889.11; 7435.04; 3212.21; 6669.66; 7635.15; 6584.95; 2467.81; 2287.62; 9033.58; 3468.00; 8542.06; 3296.70; 6028.00; 2051.15; 9175.40; 3828.72; 5907.55; 7057.25; 1590.75; 943.18; 8759.25; 3677.65; 812.43; 5819.78; 3374.55; 6119.11; 8659.89; -380.29; 3791.38; 0;0;0;0;0;0;0;0;0;0;0;0;0;0;0;0;0;0;0;0;0;0;0;0;0;0;0;0;0;0;0;0;0;0;0;0;0;0;0;0;Best solution: ;
1552.86; 5205.25; 3414.50; 8522.40; 3662.23; 3762.42; 1842.84; 8883.39; 9425.14; 1842.84; 2228.55; 1889.11; 7435.04; 3212.21; 6669.66; 7635.15; 6584.95; 2467.81; 2287.62; 9033.58; 3468.00; 8542.06; 3296.70; 6028.00; 2051.15; 9175.40; 3828.72; 5907.55; 7057.25; 2321.54; 943.18; 8759.25; 3677.65; 812.43; 5819.78; 3374.55; 6119.11; 8659.89; -380.29; 3791.38; 0;0;0;0;0;0;0;0;0;0;0;0;0;0;0;0;0;0;0;0;0;0;0;0;0;0;0;0;0;0;0;0;0;0;0;0;0;0;0;0;Best solution: ;
1552.86; 5205.25; 3414.50; 8522.40; 3662.23; 3762.42; 1842.84; 8883.39; 9425.14; 1842.84; 2228.55; 1889.11; 7435.04; 3212.21; 6669.66; 7635.15; 6584.95; 2467.81; 2287.62; 9033.58; 3468.00; 8542.06; 3296.70; 6028.00; 2051.15; 9175.40; 3828.72; 5907.55; 7057.25; 2321.54; 943.18; 8759.25; 3677.65; 812.43; 5819.78; 3374.55; 9033.58; 8659.89; -380.29; 3791.38; 0;0;0;0;0;0;0;0;0;0;0;0;0;0;0;0;0;0;0;0;0;0;0;0;0;0;0;0;0;0;0;0;0;0;0;0;0;0;0;0;Best solution: ;
1552.86; 5205.25; 3414.50; 8522.40; 3662.23; 3762.42; 1842.84; 8883.39; 9425.14; 1842.84; 3696.48; 1889.11; 7435.04; 3212.21; 6669.66; 7635.15; 6584.95; 2467.81; 2287.62; 9033.58; 3468.00; 8542.06; 3296.70; 6028.00; 2051.15; 9175.40; 3828.72; 5907.55; 7057.25; 2321.54; 943.18; 8759.25; 3677.65; 812.43; 5819.78; 3374.55; 9033.58; 8659.89; -380.29; 3791.38; 0;0;0;0;0;0;0;0;0;0;0;0;0;0;0;0;0;0;0;0;0;0;0;0;0;0;0;0;0;0;0;0;0;0;0;0;0;0;0;0;Best solution: ;
1552.86; 5205.25; 3414.50; 8522.40; 3662.23; 3762.42; 1842.84; 8883.39; 9425.14; 1842.84; 3696.48; 1889.11; 7435.04; 3212.21; 6669.66; 7635.15; 6584.95; 2467.81; 2287.62; 9033.58; 3483.11; 8542.06; 3296.70; 6028.00; 2051.15; 9175.40; 3828.72; 5907.55; 7057.25; 2321.54; 943.18; 8759.25; 3677.65; 812.43; 5819.78; 3374.55; 9033.58; 8659.89; -380.29; 3791.38; 0;0;0;0;0;0;0;0;0;0;0;0;0;0;0;0;0;0;0;0;0;0;0;0;0;0;0;0;0;0;0;0;0;0;0;0;0;0;0;0;Best solution: ;
1552.86; 5205.25; 3414.50; 8522.40; 3662.23; 3762.42; 1842.84; 8883.39; 9425.14; 1842.84; 3696.48; 1889.11; 7435.04; 3212.21; 6669.66; 7635.15; 6584.95; 2467.81; 2287.62; 9033.58; 3483.11; 8542.06; 3296.70; 6028.00; 2051.15; 9175.40; 3828.72; 5907.55; 7057.25; 2351.02; 943.18; 8759.25; 3677.65; 812.43; 5819.78; 3374.55; 9033.58; 8659.89; -380.29; 3791.38; 0;0;0;0;0;0;0;0;0;0;0;0;0;0;0;0;0;0;0;0;0;0;0;0;0;0;0;0;0;0;0;0;0;0;0;0;0;0;0;0;Best solution: ;
1552.86; 5205.25; 3414.50; 8522.40; 3662.23; 3762.42; 1842.84; 8883.39; 9425.14; 1842.84; 3696.48; 1889.11; 7435.04; 3212.21; 6669.66; 7635.15; 6584.95; 2467.81; 2287.62; 9033.58; 3483.11; 8542.06; 3296.70; 6028.00; 2051.15; 9175.40; 3828.72; 5907.55; 7057.25; 2351.02; 943.18; 8759.25; 3677.65; 812.43; 5819.78; 3374.55; 9033.58; 8659.89; -241.42; 3791.38; 0;0;0;0;0;0;0;0;0;0;0;0;0;0;0;0;0;0;0;0;0;0;0;0;0;0;0;0;0;0;0;0;0;0;0;0;0;0;0;0;Best solution: ;
1552.86; 5205.25; 3414.50; 8522.40; 3662.23; 3762.42; 1842.84; 8883.39; 9425.14; 1842.84; 3696.48; 1889.11; 7435.04; 3212.21; 6669.66; 7635.15; 6584.95; 9425.14; 2287.62; 9033.58; 3483.11; 8542.06; 3296.70; 6028.00; 2051.15; 9175.40; 3828.72; 5907.55; 7057.25; 2351.02; 943.18; 8759.25; 3677.65; 812.43; 5819.78; 3374.55; 9033.58; 8659.89; -241.42; 3791.38; 0;0;0;0;0;0;0;0;0;0;0;0;0;0;0;0;0;0;0;0;0;0;0;0;0;0;0;0;0;0;0;0;0;0;0;0;0;0;0;0;Best solution: ;
1552.86; 5205.25; 3414.50; 8522.40; 3662.23; 3762.42; 1842.84; 8883.39; 9425.14; 1842.84; 3696.48; 1889.11; 7435.04; 3212.21; 6669.66; 7635.15; 6584.95; 9425.14; 2287.62; 9033.58; 3483.11; 8542.06; 3296.70; 6028.00; 2051.15; 9175.40; 3828.72; 5907.55; 7057.25; 2351.02; 943.18; 8759.25; 3677.65; 812.43; 5819.78; 3374.55; 9116.60; 8659.89; -241.42; 3791.38; 0;0;0;0;0;0;0;0;0;0;0;0;0;0;0;0;0;0;0;0;0;0;0;0;0;0;0;0;0;0;0;0;0;0;0;0;0;0;0;0;Best solution: ;
1552.86; 5205.25; 3414.50; 8522.40; 3662.23; 3801.13; 1842.84; 8883.39; 9425.14; 1842.84; 3696.48; 1889.11; 7435.04; 3212.21; 6669.66; 7635.15; 6584.95; 9425.14; 2287.62; 9033.58; 3483.11; 8542.06; 3296.70; 6028.00; 2051.15; 9175.40; 3828.72; 5907.55; 7057.25; 2351.02; 943.18; 8759.25; 3677.65; 812.43; 5819.78; 3374.55; 9116.60; 8659.89; -241.42; 3791.38; 0;0;0;0;0;0;0;0;0;0;0;0;0;0;0;0;0;0;0;0;0;0;0;0;0;0;0;0;0;0;0;0;0;0;0;0;0;0;0;0;Best solution: ;
1552.86; 5205.25; 3414.50; 8522.40; 3662.23; 3801.13; 1842.84; 8883.39; 9425.14; 1842.84; 3696.48; 1889.11; 7435.04; 3237.31; 6669.66; 7635.15; 6584.95; 9425.14; 2287.62; 9033.58; 3483.11; 8542.06; 3296.70; 6028.00; 2051.15; 9175.40; 3828.72; 5907.55; 7057.25; 2351.02; 943.18; 8759.25; 3677.65; 812.43; 5819.78; 3374.55; 9116.60; 8659.89; -241.42; 3791.38; 0;0;0;0;0;0;0;0;0;0;0;0;0;0;0;0;0;0;0;0;0;0;0;0;0;0;0;0;0;0;0;0;0;0;0;0;0;0;0;0;Best solution: ;
1552.86; 5205.25; 3414.50; 8522.40; 3662.23; 3801.13; 1842.84; 8883.39; 9425.14; 1842.84; 3696.48; 1889.11; 7435.04; 3237.31; 9217.25; 7635.15; 6584.95; 9425.14; 2287.62; 9033.58; 3483.11; 8542.06; 3296.70; 6028.00; 2051.15; 9175.40; 3828.72; 5907.55; 7057.25; 2351.02; 943.18; 8759.25; 3677.65; 812.43; 5819.78; 3374.55; 9116.60; 8659.89; -241.42; 3791.38; 0;0;0;0;0;0;0;0;0;0;0;0;0;0;0;0;0;0;0;0;0;0;0;0;0;0;0;0;0;0;0;0;0;0;0;0;0;0;0;0;Best solution: ;
1552.86; 5205.25; 3414.50; 8522.40; 3662.23; 3801.13; 1842.84; 8883.39; 9425.14; 1842.84; 3696.48; 1889.11; 7435.04; 3237.31; 9217.25; 7635.15; 6584.95; 9428.29; 2287.62; 9033.58; 3483.11; 8542.06; 3296.70; 6028.00; 2051.15; 9175.40; 3828.72; 5907.55; 7057.25; 2351.02; 943.18; 8759.25; 3677.65; 812.43; 5819.78; 3374.55; 9116.60; 8659.89; -241.42; 3791.38; 0;0;0;0;0;0;0;0;0;0;0;0;0;0;0;0;0;0;0;0;0;0;0;0;0;0;0;0;0;0;0;0;0;0;0;0;0;0;0;0;Best solution: ;
1552.86; 5205.25; 3414.50; 8522.40; 3662.23; 3801.13; 1842.84; 8883.39; 9425.14; 1842.84; 3696.48; 1889.11; 7435.04; 3237.31; 9217.25; 7635.15; 6584.95; 9428.29; 2287.62; 9033.58; 3483.11; 8542.06; 3296.70; 6028.00; 3314.18; 9175.40; 3828.72; 5907.55; 7057.25; 2351.02; 943.18; 8759.25; 3677.65; 812.43; 5819.78; 3374.55; 9116.60; 8659.89; -241.42; 3791.38; 0;0;0;0;0;0;0;0;0;0;0;0;0;0;0;0;0;0;0;0;0;0;0;0;0;0;0;0;0;0;0;0;0;0;0;0;0;0;0;0;Best solution: ;
1552.86; 5205.25; 3414.50; 8522.40; 3662.23; 3801.13; 1842.84; 8883.39; 9425.14; 1842.84; 3696.48; 1889.11; 7435.04; 3237.31; 9217.25; 7635.15; 6584.95; 9428.29; 2287.62; 9033.58; 3483.11; 8590.97; 3296.70; 6028.00; 3314.18; 9175.40; 3828.72; 5907.55; 7057.25; 2351.02; 943.18; 8759.25; 3677.65; 812.43; 5819.78; 3374.55; 9116.60; 8659.89; -241.42; 3791.38; 0;0;0;0;0;0;0;0;0;0;0;0;0;0;0;0;0;0;0;0;0;0;0;0;0;0;0;0;0;0;0;0;0;0;0;0;0;0;0;0;Best solution: ;
1552.86; 5205.25; 3414.50; 8522.40; 3662.23; 3801.13; 1842.84; 8883.39; 9425.14; 1842.84; 3696.48; 1889.11; 7435.04; 3237.31; 9217.25; 7635.15; 6584.95; 9428.29; 2287.62; 9033.58; 3483.11; 8590.97; 3296.70; 6028.00; 3314.18; 9175.40; 3828.72; 5907.55; 7057.25; 2351.02; 943.18; 8759.25; 3677.65; 812.43; 5876.27; 3374.55; 9116.60; 8659.89; -241.42; 3791.38; 0;0;0;0;0;0;0;0;0;0;0;0;0;0;0;0;0;0;0;0;0;0;0;0;0;0;0;0;0;0;0;0;0;0;0;0;0;0;0;0;Best solution: ;
1552.86; 5205.25; 3414.50; 8522.40; 3662.23; 3801.13; 1842.84; 8883.39; 9425.14; 1842.84; 3696.48; 1889.11; 7435.04; 3237.31; 9217.25; 7635.15; 6584.95; 9428.29; 2287.62; 9033.58; 3483.11; 8590.97; 3296.70; 6028.00; 3314.18; 9175.40; 3828.72; 5907.55; 7057.25; 2351.02; 943.18; 8759.25; 3677.65; 969.05; 5876.27; 3374.55; 9116.60; 8659.89; -241.42; 3791.38; 0;0;0;0;0;0;0;0;0;0;0;0;0;0;0;0;0;0;0;0;0;0;0;0;0;0;0;0;0;0;0;0;0;0;0;0;0;0;0;0;Best solution: ;
1552.86; 5205.25; 3414.50; 8522.40; 3662.23; 3801.13; 1842.84; 8883.39; 9425.14; 1842.84; 3696.48; 1889.11; 7435.04; 3237.31; 9217.25; 7635.15; 6584.95; 9428.29; 2287.62; 9033.58; 3483.11; 8590.97; 3296.70; 6091.03; 3314.18; 9175.40; 3828.72; 5907.55; 7057.25; 2351.02; 943.18; 8759.25; 3677.65; 969.05; 5876.27; 3374.55; 9116.60; 8659.89; -241.42; 3791.38; 0;0;0;0;0;0;0;0;0;0;0;0;0;0;0;0;0;0;0;0;0;0;0;0;0;0;0;0;0;0;0;0;0;0;0;0;0;0;0;0;Best solution: ;
1552.86; 5205.25; 3414.50; 8522.40; 3662.23; 3801.13; 1842.84; 8883.39; 9425.14; 1842.84; 3696.48; 1889.11; 7435.04; 3237.31; 9217.25; 7635.15; 6584.95; 9428.29; 2287.62; 9033.58; 3483.11; 8590.97; 3296.70; 6091.03; 3314.18; 9175.40; 3828.72; 6174.62; 7057.25; 2351.02; 943.18; 8759.25; 3677.65; 969.05; 5876.27; 3374.55; 9116.60; 8659.89; -241.42; 3791.38; 0;0;0;0;0;0;0;0;0;0;0;0;0;0;0;0;0;0;0;0;0;0;0;0;0;0;0;0;0;0;0;0;0;0;0;0;0;0;0;0;Best solution: ;
1552.86; 5319.06; 3414.50; 8522.40; 3662.23; 3801.13; 1842.84; 8883.39; 9425.14; 1842.84; 3696.48; 1889.11; 7435.04; 3237.31; 9217.25; 7635.15; 6584.95; 9428.29; 2287.62; 9033.58; 3483.11; 8590.97; 3296.70; 6091.03; 3314.18; 9175.40; 3828.72; 6174.62; 7057.25; 2351.02; 943.18; 8759.25; 3677.65; 969.05; 5876.27; 3374.55; 9116.60; 8659.89; -241.42; 3791.38; 0;0;0;0;0;0;0;0;0;0;0;0;0;0;0;0;0;0;0;0;0;0;0;0;0;0;0;0;0;0;0;0;0;0;0;0;0;0;0;0;Best solution: ;
1552.86; 5319.06; 3414.50; 8522.40; 3662.23; 3801.13; 1842.84; 8883.39; 9425.14; 1842.84; 3830.46; 1889.11; 7435.04; 3237.31; 9217.25; 7635.15; 6584.95; 9428.29; 2287.62; 9033.58; 3483.11; 8590.97; 3296.70; 6091.03; 3314.18; 9175.40; 3828.72; 6174.62; 7057.25; 2351.02; 943.18; 8759.25; 3677.65; 969.05; 5876.27; 3374.55; 9116.60; 8659.89; -241.42; 3791.38; 0;0;0;0;0;0;0;0;0;0;0;0;0;0;0;0;0;0;0;0;0;0;0;0;0;0;0;0;0;0;0;0;0;0;0;0;0;0;0;0;Best solution: ;
1552.86; 5319.06; 3414.50; 8522.40; 3662.23; 3801.13; 1842.84; 8883.39; 9425.14; 1842.84; 3830.46; 1889.11; 7435.04; 3237.31; 9217.25; 7635.15; 6584.95; 9428.29; 2287.62; 9033.58; 3483.11; 8590.97; 3296.70; 6091.03; 3314.18; 9175.40; 3828.72; 6174.62; 7057.25; 2351.02; 943.18; 8759.25; 3677.65; 969.05; 5876.27; 3374.55; 9116.60; 8659.89; -241.42; 6156.47; 0;0;0;0;0;0;0;0;0;0;0;0;0;0;0;0;0;0;0;0;0;0;0;0;0;0;0;0;0;0;0;0;0;0;0;0;0;0;0;0;Best solution: ;
1552.86; 5319.61; 3414.50; 8522.40; 3662.23; 3801.13; 1842.84; 8883.39; 9425.14; 1842.84; 3830.46; 1889.11; 7435.04; 3237.31; 9217.25; 7635.15; 6584.95; 9428.29; 2287.62; 9033.58; 3483.11; 8590.97; 3296.70; 6091.03; 3314.18; 9175.40; 3828.72; 6174.62; 7057.25; 2351.02; 943.18; 8759.25; 3677.65; 969.05; 5876.27; 3374.55; 9116.60; 8659.89; -241.42; 6156.47; 0;0;0;0;0;0;0;0;0;0;0;0;0;0;0;0;0;0;0;0;0;0;0;0;0;0;0;0;0;0;0;0;0;0;0;0;0;0;0;0;Best solution: ;
1552.86; 5319.61; 3414.50; 8522.40; 3662.23; 3801.13; 1842.84; 8883.39; 9425.14; 1842.84; 3830.46; 1889.11; 7435.04; 3237.31; 9217.25; 7635.15; 6584.95; 9428.29; 2287.62; 9033.58; 3483.11; 8590.97; 3296.70; 6091.03; 3314.18; 9175.40; 3828.72; 6174.62; 7057.25; 2351.02; 943.18; 9221.77; 3677.65; 969.05; 5876.27; 3374.55; 9116.60; 8659.89; -241.42; 6156.47; 0;0;0;0;0;0;0;0;0;0;0;0;0;0;0;0;0;0;0;0;0;0;0;0;0;0;0;0;0;0;0;0;0;0;0;0;0;0;0;0;Best solution: ;
1552.86; 5319.61; 3414.50; 8522.40; 3662.23; 3801.13; 1842.84; 8883.39; 9425.14; 1842.84; 3830.46; 1889.11; 7435.04; 3237.31; 9217.25; 7635.15; 6584.95; 9428.29; 2287.62; 9033.58; 3483.11; 8590.97; 3296.70; 6091.03; 9205.48; 9175.40; 3828.72; 6174.62; 7057.25; 2351.02; 943.18; 9221.77; 3677.65; 969.05; 5876.27; 3374.55; 9116.60; 8659.89; -241.42; 6156.47; 0;0;0;0;0;0;0;0;0;0;0;0;0;0;0;0;0;0;0;0;0;0;0;0;0;0;0;0;0;0;0;0;0;0;0;0;0;0;0;0;Best solution: ;
1552.86; 5319.61; 3414.50; 8522.40; 3662.23; 3801.13; 1842.84; 8883.39; 9425.14; 1842.84; 3830.46; 1889.11; 7435.04; 3237.31; 9217.25; 7635.15; 6584.95; 9428.29; 2287.62; 9033.58; 3483.11; 8590.97; 3296.70; 6091.03; 9205.48; 9175.40; 3828.72; 6174.62; 7057.25; 2351.02; 943.18; 9425.14; 3677.65; 969.05; 5876.27; 3374.55; 9116.60; 8659.89; -241.42; 6156.47; 0;0;0;0;0;0;0;0;0;0;0;0;0;0;0;0;0;0;0;0;0;0;0;0;0;0;0;0;0;0;0;0;0;0;0;0;0;0;0;0;Best solution: ;
6009.81; 5319.61; 3414.50; 8522.40; 3662.23; 3801.13; 1842.84; 8883.39; 9425.14; 1842.84; 3830.46; 1889.11; 7435.04; 3237.31; 9217.25; 7635.15; 6584.95; 9428.29; 2287.62; 9033.58; 3483.11; 8590.97; 3296.70; 6091.03; 9205.48; 9175.40; 3828.72; 6174.62; 7057.25; 2351.02; 943.18; 9425.14; 3677.65; 969.05; 5876.27; 3374.55; 9116.60; 8659.89; -241.42; 6156.47; 0;0;0;0;0;0;0;0;0;0;0;0;0;0;0;0;0;0;0;0;0;0;0;0;0;0;0;0;0;0;0;0;0;0;0;0;0;0;0;0;Best solution: ;
6009.81; 5319.61; 3414.50; 8522.40; 3662.23; 3801.13; 1842.84; 8883.39; 9425.14; 1842.84; 3859.88; 1889.11; 7435.04; 3237.31; 9217.25; 7635.15; 6584.95; 9428.29; 2287.62; 9033.58; 3483.11; 8590.97; 3296.70; 6091.03; 9205.48; 9175.40; 3828.72; 6174.62; 7057.25; 2351.02; 943.18; 9425.14; 3677.65; 969.05; 5876.27; 3374.55; 9116.60; 8659.89; -241.42; 6156.47; 0;0;0;0;0;0;0;0;0;0;0;0;0;0;0;0;0;0;0;0;0;0;0;0;0;0;0;0;0;0;0;0;0;0;0;0;0;0;0;0;Best solution: ;
6009.81; 5319.61; 3414.50; 8522.40; 3662.23; 3801.13; 1842.84; 8883.39; 9425.14; 1842.84; 3859.88; 1889.11; 9033.58; 3237.31; 9217.25; 7635.15; 6584.95; 9428.29; 2287.62; 9033.58; 3483.11; 8590.97; 3296.70; 6091.03; 9205.48; 9175.40; 3828.72; 6174.62; 7057.25; 2351.02; 943.18; 9425.14; 3677.65; 969.05; 5876.27; 3374.55; 9116.60; 8659.89; -241.42; 6156.47; 0;0;0;0;0;0;0;0;0;0;0;0;0;0;0;0;0;0;0;0;0;0;0;0;0;0;0;0;0;0;0;0;0;0;0;0;0;0;0;0;Best solution: ;
6009.81; 5319.61; 3414.50; 8522.40; 3662.23; 3801.13; 1842.84; 8883.39; 9425.14; 1842.84; 3859.88; 1889.11; 9033.58; 3237.31; 9217.25; 7635.15; 6584.95; 9428.29; 2287.62; 9033.58; 3483.11; 8590.97; 3296.70; 6091.03; 9205.48; 9175.40; 3857.72; 6174.62; 7057.25; 2351.02; 943.18; 9425.14; 3677.65; 969.05; 5876.27; 3374.55; 9116.60; 8659.89; -241.42; 6156.47; 0;0;0;0;0;0;0;0;0;0;0;0;0;0;0;0;0;0;0;0;0;0;0;0;0;0;0;0;0;0;0;0;0;0;0;0;0;0;0;0;Best solution: ;
6009.81; 5319.61; 3414.50; 9016.78; 3662.23; 3801.13; 1842.84; 8883.39; 9425.14; 1842.84; 3859.88; 1889.11; 9033.58; 3237.31; 9217.25; 7635.15; 6584.95; 9428.29; 2287.62; 9033.58; 3483.11; 8590.97; 3296.70; 6091.03; 9205.48; 9175.40; 3857.72; 6174.62; 7057.25; 2351.02; 943.18; 9425.14; 3677.65; 969.05; 5876.27; 3374.55; 9116.60; 8659.89; -241.42; 6156.47; 0;0;0;0;0;0;0;0;0;0;0;0;0;0;0;0;0;0;0;0;0;0;0;0;0;0;0;0;0;0;0;0;0;0;0;0;0;0;0;0;Best solution: ;
6009.81; 5319.61; 3414.50; 9016.78; 3662.23; 3801.13; 1842.84; 8883.39; 9425.14; 1842.84; 3859.88; 1889.11; 9033.58; 3237.31; 9217.25; 7635.15; 6584.95; 9428.29; 2287.62; 9033.58; 3483.11; 8590.97; 3296.70; 6091.03; 9205.48; 9175.40; 3857.72; 6174.62; 7057.25; 2351.02; 1073.64; 9425.14; 3677.65; 969.05; 5876.27; 3374.55; 9116.60; 8659.89; -241.42; 6156.47; 0;0;0;0;0;0;0;0;0;0;0;0;0;0;0;0;0;0;0;0;0;0;0;0;0;0;0;0;0;0;0;0;0;0;0;0;0;0;0;0;Best solution: ;
6009.81; 5319.61; 3414.50; 9016.78; 3662.23; 3801.13; 1842.84; 8883.39; 9425.14; 1842.84; 3859.88; 1889.11; 9033.58; 3237.31; 9217.25; 7635.15; 6584.95; 9428.29; 2287.62; 9033.58; 3483.11; 8590.97; 3296.70; 6091.03; 9205.48; 9175.40; 3857.72; 6174.62; 7057.25; 2351.02; 9558.75; 9425.14; 3677.65; 969.05; 5876.27; 3374.55; 9116.60; 8659.89; -241.42; 6156.47; 0;0;0;0;0;0;0;0;0;0;0;0;0;0;0;0;0;0;0;0;0;0;0;0;0;0;0;0;0;0;0;0;0;0;0;0;0;0;0;0;Best solution: ;
6009.81; 5319.61; 3414.50; 9044.99; 3662.23; 3801.13; 1842.84; 8883.39; 9425.14; 1842.84; 3859.88; 1889.11; 9033.58; 3237.31; 9217.25; 7635.15; 6584.95; 9428.29; 2287.62; 9033.58; 3483.11; 8590.97; 3296.70; 6091.03; 9205.48; 9175.40; 3857.72; 6174.62; 7057.25; 2351.02; 9558.75; 9425.14; 3677.65; 969.05; 5876.27; 3374.55; 9116.60; 8659.89; -241.42; 6156.47; 0;0;0;0;0;0;0;0;0;0;0;0;0;0;0;0;0;0;0;0;0;0;0;0;0;0;0;0;0;0;0;0;0;0;0;0;0;0;0;0;Best solution: ;
6009.81; 5319.61; 3414.50; 9044.99; 3662.23; 3801.13; 1842.84; 8967.31; 9425.14; 1842.84; 3859.88; 1889.11; 9033.58; 3237.31; 9217.25; 7635.15; 6584.95; 9428.29; 2287.62; 9033.58; 3483.11; 8590.97; 3296.70; 6091.03; 9205.48; 9175.40; 3857.72; 6174.62; 7057.25; 2351.02; 9558.75; 9425.14; 3677.65; 969.05; 5876.27; 3374.55; 9116.60; 8659.89; -241.42; 6156.47; 0;0;0;0;0;0;0;0;0;0;0;0;0;0;0;0;0;0;0;0;0;0;0;0;0;0;0;0;0;0;0;0;0;0;0;0;0;0;0;0;Best solution: ;
6009.81; 5319.61; 3414.50; 9044.99; 3662.23; 3801.13; 1842.84; 8967.31; 9425.14; 1842.84; 3859.88; 1889.11; 9033.58; 3237.31; 9217.25; 7635.15; 6584.95; 9428.29; 2287.62; 9033.58; 3483.11; 8590.97; 3296.70; 6091.03; 9205.48; 9175.40; 3857.72; 6174.62; 7057.25; 2351.02; 9558.75; 9425.14; 3677.65; 969.05; 5876.27; 3374.55; 9375.23; 8659.89; -241.42; 6156.47; 0;0;0;0;0;0;0;0;0;0;0;0;0;0;0;0;0;0;0;0;0;0;0;0;0;0;0;0;0;0;0;0;0;0;0;0;0;0;0;0;Best solution: ;
6009.81; 5319.61; 3414.50; 9044.99; 3662.23; 3801.13; 1842.84; 8967.31; 9425.14; 1842.84; 3859.88; 1889.11; 9033.58; 3237.31; 9217.25; 7635.15; 6584.95; 9428.29; 2287.62; 9033.58; 3483.11; 8590.97; 3296.70; 6091.03; 9205.48; 9175.40; 3857.72; 6174.62; 7057.25; 2351.02; 9558.75; 9425.14; 3677.65; 969.05; 5876.27; 3402.59; 9375.23; 8659.89; -241.42; 6156.47; 0;0;0;0;0;0;0;0;0;0;0;0;0;0;0;0;0;0;0;0;0;0;0;0;0;0;0;0;0;0;0;0;0;0;0;0;0;0;0;0;Best solution: ;
6009.81; 5319.61; 3414.50; 9044.99; 3662.23; 3801.13; 1842.84; 8967.31; 9425.14; 1842.84; 3859.88; 1889.11; 9033.58; 3237.31; 9217.25; 7635.15; 6584.95; 9428.29; 2287.62; 9033.58; 3483.11; 8590.97; 3296.70; 6091.03; 9205.48; 9175.40; 3857.72; 6174.62; 7057.25; 2351.02; 9558.75; 9425.14; 3677.65; 969.05; 5876.27; 3402.59; 9375.23; 8659.89; 3660.94; 6156.47; 0;0;0;0;0;0;0;0;0;0;0;0;0;0;0;0;0;0;0;0;0;0;0;0;0;0;0;0;0;0;0;0;0;0;0;0;0;0;0;0;Best solution: ;
6009.81; 5319.61; 3414.50; 9044.99; 3662.23; 9219.89; 1842.84; 8967.31; 9425.14; 1842.84; 3859.88; 1889.11; 9033.58; 3237.31; 9217.25; 7635.15; 6584.95; 9428.29; 2287.62; 9033.58; 3483.11; 8590.97; 3296.70; 6091.03; 9205.48; 9175.40; 3857.72; 6174.62; 7057.25; 2351.02; 9558.75; 9425.14; 3677.65; 969.05; 5876.27; 3402.59; 9375.23; 8659.89; 3660.94; 6156.47; 0;0;0;0;0;0;0;0;0;0;0;0;0;0;0;0;0;0;0;0;0;0;0;0;0;0;0;0;0;0;0;0;0;0;0;0;0;0;0;0;Best solution: ;
6009.81; 5319.61; 3414.50; 9044.99; 3662.23; 9219.89; 1842.84; 8967.31; 9425.14; 5876.27; 3859.88; 1889.11; 9033.58; 3237.31; 9217.25; 7635.15; 6584.95; 9428.29; 2287.62; 9033.58; 3483.11; 8590.97; 3296.70; 6091.03; 9205.48; 9175.40; 3857.72; 6174.62; 7057.25; 2351.02; 9558.75; 9425.14; 3677.65; 969.05; 5876.27; 3402.59; 9375.23; 8659.89; 3660.94; 6156.47; 0;0;0;0;0;0;0;0;0;0;0;0;0;0;0;0;0;0;0;0;0;0;0;0;0;0;0;0;0;0;0;0;0;0;0;0;0;0;0;0;Best solution: ;
6009.81; 5319.61; 3414.50; 9044.99; 3662.23; 9219.89; 1842.84; 8967.31; 9425.14; 5876.27; 3859.88; 1889.11; 9033.58; 3237.31; 9217.25; 7635.15; 6584.95; 9428.29; 3321.66; 9033.58; 3483.11; 8590.97; 3296.70; 6091.03; 9205.48; 9175.40; 3857.72; 6174.62; 7057.25; 2351.02; 9558.75; 9425.14; 3677.65; 969.05; 5876.27; 3402.59; 9375.23; 8659.89; 3660.94; 6156.47; 0;0;0;0;0;0;0;0;0;0;0;0;0;0;0;0;0;0;0;0;0;0;0;0;0;0;0;0;0;0;0;0;0;0;0;0;0;0;0;0;Best solution: ;
6009.81; 5319.61; 3414.50; 9044.99; 3662.23; 9219.89; 1842.84; 8967.31; 9425.14; 5876.27; 3859.88; 1889.11; 9033.58; 3237.31; 9217.25; 7635.15; 6584.95; 9428.29; 3321.66; 9033.58; 3483.11; 8590.97; 3296.70; 6091.03; 9205.48; 9175.40; 3857.72; 6174.62; 7057.25; 2351.02; 9558.75; 9425.14; 3677.65; 969.05; 5876.27; 3582.98; 9375.23; 8659.89; 3660.94; 6156.47; 0;0;0;0;0;0;0;0;0;0;0;0;0;0;0;0;0;0;0;0;0;0;0;0;0;0;0;0;0;0;0;0;0;0;0;0;0;0;0;0;Best solution: ;
6009.81; 5319.61; 3414.50; 9044.99; 3662.23; 9219.89; 1842.84; 8967.31; 9425.14; 5876.27; 3859.88; 1889.11; 9033.58; 3237.31; 9217.25; 7908.77; 6584.95; 9428.29; 3321.66; 9033.58; 3483.11; 8590.97; 3296.70; 6091.03; 9205.48; 9175.40; 3857.72; 6174.62; 7057.25; 2351.02; 9558.75; 9425.14; 3677.65; 969.05; 5876.27; 3582.98; 9375.23; 8659.89; 3660.94; 6156.47; 0;0;0;0;0;0;0;0;0;0;0;0;0;0;0;0;0;0;0;0;0;0;0;0;0;0;0;0;0;0;0;0;0;0;0;0;0;0;0;0;Best solution: ;
6009.81; 5319.61; 3414.50; 9044.99; 3662.23; 9219.89; 1842.84; 8967.31; 9425.14; 5876.27; 3859.88; 1889.11; 9033.58; 3237.31; 9217.25; 7908.77; 6731.00; 9428.29; 3321.66; 9033.58; 3483.11; 8590.97; 3296.70; 6091.03; 9205.48; 9175.40; 3857.72; 6174.62; 7057.25; 2351.02; 9558.75; 9425.14; 3677.65; 969.05; 5876.27; 3582.98; 9375.23; 8659.89; 3660.94; 6156.47; 0;0;0;0;0;0;0;0;0;0;0;0;0;0;0;0;0;0;0;0;0;0;0;0;0;0;0;0;0;0;0;0;0;0;0;0;0;0;0;0;Best solution: ;
6009.81; 5319.61; 3414.50; 9044.99; 3662.23; 9219.89; 1842.84; 8967.31; 9425.14; 5876.27; 3859.88; 1889.11; 9033.58; 3237.31; 9217.25; 7908.77; 6731.00; 9428.29; 3524.53; 9033.58; 3483.11; 8590.97; 3296.70; 6091.03; 9205.48; 9175.40; 3857.72; 6174.62; 7057.25; 2351.02; 9558.75; 9425.14; 3677.65; 969.05; 5876.27; 3582.98; 9375.23; 8659.89; 3660.94; 6156.47; 0;0;0;0;0;0;0;0;0;0;0;0;0;0;0;0;0;0;0;0;0;0;0;0;0;0;0;0;0;0;0;0;0;0;0;0;0;0;0;0;Best solution: ;
6009.81; 5319.61; 3414.50; 9044.99; 3662.23; 9219.89; 1842.84; 8967.31; 9425.14; 5876.27; 3859.88; 1889.11; 9033.58; 3237.31; 9217.25; 7908.77; 6731.00; 9428.29; 3524.53; 9033.58; 3483.11; 8590.97; 3296.70; 6091.03; 9205.48; 9175.40; 3857.72; 6174.62; 7057.25; 2351.02; 9558.75; 9425.14; 3677.65; 9587.07; 5876.27; 3582.98; 9375.23; 8659.89; 3660.94; 6156.47; 0;0;0;0;0;0;0;0;0;0;0;0;0;0;0;0;0;0;0;0;0;0;0;0;0;0;0;0;0;0;0;0;0;0;0;0;0;0;0;0;Best solution: ;
6009.81; 5319.61; 3414.50; 9044.99; 3662.23; 9219.89; 1842.84; 8967.31; 9425.14; 5876.27; 3859.88; 1889.11; 9033.58; 3237.31; 9217.25; 7908.77; 6731.00; 9428.29; 3524.53; 9033.58; 3483.11; 8590.97; 3296.70; 6091.03; 9205.48; 9175.40; 3857.72; 6174.62; 7057.25; 2351.02; 9558.75; 9425.14; 3677.65; 9587.07; 5876.27; 3698.40; 9375.23; 8659.89; 3660.94; 6156.47; 0;0;0;0;0;0;0;0;0;0;0;0;0;0;0;0;0;0;0;0;0;0;0;0;0;0;0;0;0;0;0;0;0;0;0;0;0;0;0;0;Best solution: ;
6009.81; 5319.61; 3414.50; 9044.99; 3662.23; 9219.89; 1842.84; 8967.31; 9425.14; 5876.27; 9160.21; 1889.11; 9033.58; 3237.31; 9217.25; 7908.77; 6731.00; 9428.29; 3524.53; 9033.58; 3483.11; 8590.97; 3296.70; 6091.03; 9205.48; 9175.40; 3857.72; 6174.62; 7057.25; 2351.02; 9558.75; 9425.14; 3677.65; 9587.07; 5876.27; 3698.40; 9375.23; 8659.89; 3660.94; 6156.47; 0;0;0;0;0;0;0;0;0;0;0;0;0;0;0;0;0;0;0;0;0;0;0;0;0;0;0;0;0;0;0;0;0;0;0;0;0;0;0;0;Best solution: ;
6009.81; 5319.61; 3414.50; 9044.99; 3662.23; 9219.89; 1842.84; 8967.31; 9425.14; 5876.27; 9160.21; 1889.11; 9033.58; 3237.31; 9217.25; 7908.77; 6731.00; 9428.29; 3524.53; 9033.58; 3483.11; 8590.97; 3296.70; 6091.03; 9205.48; 9244.81; 3857.72; 6174.62; 7057.25; 2351.02; 9558.75; 9425.14; 3677.65; 9587.07; 5876.27; 3698.40; 9375.23; 8659.89; 3660.94; 6156.47; 0;0;0;0;0;0;0;0;0;0;0;0;0;0;0;0;0;0;0;0;0;0;0;0;0;0;0;0;0;0;0;0;0;0;0;0;0;0;0;0;Best solution: ;
6009.81; 6001.32; 3414.50; 9044.99; 3662.23; 9219.89; 1842.84; 8967.31; 9425.14; 5876.27; 9160.21; 1889.11; 9033.58; 3237.31; 9217.25; 7908.77; 6731.00; 9428.29; 3524.53; 9033.58; 3483.11; 8590.97; 3296.70; 6091.03; 9205.48; 9244.81; 3857.72; 6174.62; 7057.25; 2351.02; 9558.75; 9425.14; 3677.65; 9587.07; 5876.27; 3698.40; 9375.23; 8659.89; 3660.94; 6156.47; 0;0;0;0;0;0;0;0;0;0;0;0;0;0;0;0;0;0;0;0;0;0;0;0;0;0;0;0;0;0;0;0;0;0;0;0;0;0;0;0;Best solution: ;
6009.81; 6001.32; 3414.50; 9044.99; 3893.64; 9219.89; 1842.84; 8967.31; 9425.14; 5876.27; 9160.21; 1889.11; 9033.58; 3237.31; 9217.25; 7908.77; 6731.00; 9428.29; 3524.53; 9033.58; 3483.11; 8590.97; 3296.70; 6091.03; 9205.48; 9244.81; 3857.72; 6174.62; 7057.25; 2351.02; 9558.75; 9425.14; 3677.65; 9587.07; 5876.27; 3698.40; 9375.23; 8659.89; 3660.94; 6156.47; 0;0;0;0;0;0;0;0;0;0;0;0;0;0;0;0;0;0;0;0;0;0;0;0;0;0;0;0;0;0;0;0;0;0;0;0;0;0;0;0;Best solution: ;
6009.81; 6001.32; 3414.50; 9044.99; 3893.64; 9219.89; 1842.84; 8967.31; 9425.14; 5876.27; 9160.21; 1889.11; 9033.58; 3237.31; 9217.25; 7908.77; 6731.00; 9428.29; 3524.53; 9033.58; 3483.11; 8590.97; 3296.70; 6091.03; 9205.48; 9244.81; 3857.72; 6174.62; 7057.25; 2351.02; 9558.75; 9425.14; 3776.54; 9587.07; 5876.27; 3698.40; 9375.23; 8659.89; 3660.94; 6156.47; 0;0;0;0;0;0;0;0;0;0;0;0;0;0;0;0;0;0;0;0;0;0;0;0;0;0;0;0;0;0;0;0;0;0;0;0;0;0;0;0;Best solution: ;
6009.81; 6001.32; 3414.50; 9303.61; 3893.64; 9219.89; 1842.84; 8967.31; 9425.14; 5876.27; 9160.21; 1889.11; 9033.58; 3237.31; 9217.25; 7908.77; 6731.00; 9428.29; 3524.53; 9033.58; 3483.11; 8590.97; 3296.70; 6091.03; 9205.48; 9244.81; 3857.72; 6174.62; 7057.25; 2351.02; 9558.75; 9425.14; 3776.54; 9587.07; 5876.27; 3698.40; 9375.23; 8659.89; 3660.94; 6156.47; 0;0;0;0;0;0;0;0;0;0;0;0;0;0;0;0;0;0;0;0;0;0;0;0;0;0;0;0;0;0;0;0;0;0;0;0;0;0;0;0;Best solution: ;
6009.81; 6001.32; 3414.50; 9303.61; 3893.64; 9219.89; 1842.84; 8967.31; 9425.14; 5876.27; 9160.21; 1889.11; 9033.58; 3237.31; 9217.25; 7908.77; 6731.00; 9428.29; 3524.53; 9033.58; 3483.11; 8590.97; 3296.70; 6091.03; 9205.48; 9244.81; 3857.72; 6174.62; 7057.25; 2351.02; 9558.75; 9425.14; 3776.54; 9587.07; 5966.78; 3698.40; 9375.23; 8659.89; 3660.94; 6156.47; 0;0;0;0;0;0;0;0;0;0;0;0;0;0;0;0;0;0;0;0;0;0;0;0;0;0;0;0;0;0;0;0;0;0;0;0;0;0;0;0;Best solution: ;
6009.81; 6001.32; 3414.50; 9303.61; 3893.64; 9219.89; 1842.84; 8967.31; 9425.14; 5876.27; 9160.21; 1889.11; 9033.58; 9303.61; 9217.25; 7908.77; 6731.00; 9428.29; 3524.53; 9033.58; 3483.11; 8590.97; 3296.70; 6091.03; 9205.48; 9244.81; 3857.72; 6174.62; 7057.25; 2351.02; 9558.75; 9425.14; 3776.54; 9587.07; 5966.78; 3698.40; 9375.23; 8659.89; 3660.94; 6156.47; 0;0;0;0;0;0;0;0;0;0;0;0;0;0;0;0;0;0;0;0;0;0;0;0;0;0;0;0;0;0;0;0;0;0;0;0;0;0;0;0;Best solution: ;
6009.81; 6001.32; 3414.50; 9303.61; 3893.64; 9219.89; 1842.84; 8967.31; 9425.14; 5876.27; 9160.21; 1889.11; 9033.58; 9303.61; 9217.25; 7908.77; 6731.00; 9428.29; 3524.53; 9033.58; 3483.11; 8590.97; 3296.70; 6117.43; 9205.48; 9244.81; 3857.72; 6174.62; 7057.25; 2351.02; 9558.75; 9425.14; 3776.54; 9587.07; 5966.78; 3698.40; 9375.23; 8659.89; 3660.94; 6156.47; 0;0;0;0;0;0;0;0;0;0;0;0;0;0;0;0;0;0;0;0;0;0;0;0;0;0;0;0;0;0;0;0;0;0;0;0;0;0;0;0;Best solution: ;
6009.81; 6001.32; 3414.50; 9303.61; 3893.64; 9219.89; 1842.84; 8967.31; 9425.14; 5876.27; 9160.21; 1889.11; 9033.58; 9303.61; 9217.25; 7908.77; 6731.00; 9428.29; 3524.53; 9033.58; 3483.11; 8590.97; 3296.70; 6117.43; 9205.48; 9244.81; 3857.72; 6174.62; 7057.25; 2351.02; 9558.75; 9425.14; 3776.54; 9587.07; 5966.78; 3698.40; 9375.23; 8659.89; 3678.23; 6156.47; 0;0;0;0;0;0;0;0;0;0;0;0;0;0;0;0;0;0;0;0;0;0;0;0;0;0;0;0;0;0;0;0;0;0;0;0;0;0;0;0;Best solution: ;
6009.81; 6001.32; 3414.50; 9303.61; 3893.64; 9219.89; 1842.84; 8967.31; 9425.14; 6103.79; 9160.21; 1889.11; 9033.58; 9303.61; 9217.25; 7908.77; 6731.00; 9428.29; 3524.53; 9033.58; 3483.11; 8590.97; 3296.70; 6117.43; 9205.48; 9244.81; 3857.72; 6174.62; 7057.25; 2351.02; 9558.75; 9425.14; 3776.54; 9587.07; 5966.78; 3698.40; 9375.23; 8659.89; 3678.23; 6156.47; 0;0;0;0;0;0;0;0;0;0;0;0;0;0;0;0;0;0;0;0;0;0;0;0;0;0;0;0;0;0;0;0;0;0;0;0;0;0;0;0;Best solution: ;
6009.81; 6001.32; 3414.50; 9303.61; 3893.64; 9219.89; 1842.84; 8967.31; 9425.14; 6103.79; 9160.21; 1889.11; 9033.58; 9303.61; 9217.25; 7908.77; 6731.00; 9428.29; 3524.53; 9033.58; 3483.11; 8590.97; 3296.70; 6117.43; 9205.48; 9244.81; 3857.72; 6174.62; 7057.25; 2351.02; 9558.75; 9425.14; 3776.54; 9587.07; 9011.98; 3698.40; 9375.23; 8659.89; 3678.23; 6156.47; 0;0;0;0;0;0;0;0;0;0;0;0;0;0;0;0;0;0;0;0;0;0;0;0;0;0;0;0;0;0;0;0;0;0;0;0;0;0;0;0;Best solution: ;
6009.81; 6001.32; 3414.50; 9303.61; 3893.64; 9219.89; 1842.84; 8967.31; 9425.14; 6103.79; 9160.21; 1889.11; 9033.58; 9303.61; 9217.25; 7925.20; 6731.00; 9428.29; 3524.53; 9033.58; 3483.11; 8590.97; 3296.70; 6117.43; 9205.48; 9244.81; 3857.72; 6174.62; 7057.25; 2351.02; 9558.75; 9425.14; 3776.54; 9587.07; 9011.98; 3698.40; 9375.23; 8659.89; 3678.23; 6156.47; 0;0;0;0;0;0;0;0;0;0;0;0;0;0;0;0;0;0;0;0;0;0;0;0;0;0;0;0;0;0;0;0;0;0;0;0;0;0;0;0;Best solution: ;
6009.81; 6001.32; 3414.50; 9303.61; 3893.64; 9219.89; 1842.84; 8967.31; 9425.14; 6103.79; 9160.21; 1889.11; 9033.58; 9303.61; 9217.25; 7925.20; 6731.00; 9428.29; 3524.53; 9033.58; 8737.42; 8590.97; 3296.70; 6117.43; 9205.48; 9244.81; 3857.72; 6174.62; 7057.25; 2351.02; 9558.75; 9425.14; 3776.54; 9587.07; 9011.98; 3698.40; 9375.23; 8659.89; 3678.23; 6156.47; 0;0;0;0;0;0;0;0;0;0;0;0;0;0;0;0;0;0;0;0;0;0;0;0;0;0;0;0;0;0;0;0;0;0;0;0;0;0;0;0;Best solution: ;
6009.81; 6001.32; 3414.50; 9303.61; 3893.64; 9219.89; 1842.84; 8967.31; 9425.14; 6103.79; 9160.21; 1889.11; 9033.58; 9303.61; 9217.25; 7925.20; 6731.00; 9428.29; 3524.53; 9033.58; 8737.42; 8590.97; 3296.70; 6117.43; 9205.48; 9244.81; 3857.72; 6174.62; 7823.04; 2351.02; 9558.75; 9425.14; 3776.54; 9587.07; 9011.98; 3698.40; 9375.23; 8659.89; 3678.23; 6156.47; 0;0;0;0;0;0;0;0;0;0;0;0;0;0;0;0;0;0;0;0;0;0;0;0;0;0;0;0;0;0;0;0;0;0;0;0;0;0;0;0;Best solution: ;
6009.81; 6001.32; 3414.50; 9303.61; 3893.64; 9219.89; 1842.84; 8967.31; 9425.14; 6103.79; 9160.21; 1889.11; 9033.58; 9303.61; 9217.25; 7925.20; 6731.00; 9428.29; 3524.53; 9033.58; 8737.42; 8590.97; 3296.70; 6117.43; 9205.48; 9244.81; 3857.72; 6174.62; 7823.04; 2351.02; 9558.75; 9425.14; 3776.54; 9587.07; 9063.26; 3698.40; 9375.23; 8659.89; 3678.23; 6156.47; 0;0;0;0;0;0;0;0;0;0;0;0;0;0;0;0;0;0;0;0;0;0;0;0;0;0;0;0;0;0;0;0;0;0;0;0;0;0;0;0;Best solution: ;
6009.81; 6001.32; 3414.50; 9303.61; 3893.64; 9219.89; 1842.84; 8967.31; 9425.14; 6103.79; 9160.21; 1889.11; 9033.58; 9303.61; 9217.25; 7925.20; 6731.00; 9428.29; 3524.53; 9033.58; 8737.42; 8590.97; 3296.70; 6117.43; 9205.48; 9244.81; 3857.72; 6174.62; 7869.58; 2351.02; 9558.75; 9425.14; 3776.54; 9587.07; 9063.26; 3698.40; 9375.23; 8659.89; 3678.23; 6156.47; 0;0;0;0;0;0;0;0;0;0;0;0;0;0;0;0;0;0;0;0;0;0;0;0;0;0;0;0;0;0;0;0;0;0;0;0;0;0;0;0;Best solution: ;
6009.81; 6001.32; 3414.50; 9303.61; 3893.64; 9219.89; 1842.84; 8967.31; 9534.85; 6103.79; 9160.21; 1889.11; 9033.58; 9303.61; 9217.25; 7925.20; 6731.00; 9428.29; 3524.53; 9033.58; 8737.42; 8590.97; 3296.70; 6117.43; 9205.48; 9244.81; 3857.72; 6174.62; 7869.58; 2351.02; 9558.75; 9425.14; 3776.54; 9587.07; 9063.26; 3698.40; 9375.23; 8659.89; 3678.23; 6156.47; 0;0;0;0;0;0;0;0;0;0;0;0;0;0;0;0;0;0;0;0;0;0;0;0;0;0;0;0;0;0;0;0;0;0;0;0;0;0;0;0;Best solution: ;
6009.81; 6001.32; 3414.50; 9303.61; 3893.64; 9219.89; 1842.84; 9008.12; 9534.85; 6103.79; 9160.21; 1889.11; 9033.58; 9303.61; 9217.25; 7925.20; 6731.00; 9428.29; 3524.53; 9033.58; 8737.42; 8590.97; 3296.70; 6117.43; 9205.48; 9244.81; 3857.72; 6174.62; 7869.58; 2351.02; 9558.75; 9425.14; 3776.54; 9587.07; 9063.26; 3698.40; 9375.23; 8659.89; 3678.23; 6156.47; 0;0;0;0;0;0;0;0;0;0;0;0;0;0;0;0;0;0;0;0;0;0;0;0;0;0;0;0;0;0;0;0;0;0;0;0;0;0;0;0;Best solution: ;
6009.81; 6001.32; 3414.50; 9303.61; 3893.64; 9219.89; 1842.84; 9008.12; 9534.85; 6103.79; 9160.21; 1889.11; 9033.58; 9303.61; 9217.25; 7925.20; 6731.00; 9428.29; 3524.53; 9033.58; 8737.42; 8590.97; 3296.70; 6117.43; 9205.48; 9244.81; 3954.19; 6174.62; 7869.58; 2351.02; 9558.75; 9425.14; 3776.54; 9587.07; 9063.26; 3698.40; 9375.23; 8659.89; 3678.23; 6156.47; 0;0;0;0;0;0;0;0;0;0;0;0;0;0;0;0;0;0;0;0;0;0;0;0;0;0;0;0;0;0;0;0;0;0;0;0;0;0;0;0;Best solution: ;
6009.81; 6001.32; 3414.50; 9303.61; 3893.64; 9219.89; 1842.84; 9008.12; 9534.85; 6103.79; 9160.21; 1889.11; 9033.58; 9303.61; 9217.25; 7925.20; 6731.00; 9428.29; 3524.53; 9033.58; 8737.42; 8590.97; 3296.70; 6117.43; 9205.48; 9244.81; 3977.17; 6174.62; 7869.58; 2351.02; 9558.75; 9425.14; 3776.54; 9587.07; 9063.26; 3698.40; 9375.23; 8659.89; 3678.23; 6156.47; 0;0;0;0;0;0;0;0;0;0;0;0;0;0;0;0;0;0;0;0;0;0;0;0;0;0;0;0;0;0;0;0;0;0;0;0;0;0;0;0;Best solution: ;
6009.81; 6001.32; 3414.50; 9303.61; 3893.64; 9219.89; 1842.84; 9008.12; 9534.85; 6103.79; 9160.21; 1889.11; 9033.58; 9303.61; 9217.25; 7925.20; 6731.00; 9449.89; 3524.53; 9033.58; 8737.42; 8590.97; 3296.70; 6117.43; 9205.48; 9244.81; 3977.17; 6174.62; 7869.58; 2351.02; 9558.75; 9425.14; 3776.54; 9587.07; 9063.26; 3698.40; 9375.23; 8659.89; 3678.23; 6156.47; 0;0;0;0;0;0;0;0;0;0;0;0;0;0;0;0;0;0;0;0;0;0;0;0;0;0;0;0;0;0;0;0;0;0;0;0;0;0;0;0;Best solution: ;
6009.81; 6001.32; 3414.50; 9303.61; 3893.64; 9219.89; 1842.84; 9008.12; 9534.85; 6103.79; 9160.21; 1889.11; 9033.58; 9303.61; 9217.25; 7925.20; 6731.00; 9449.89; 3524.53; 9033.58; 8737.42; 8590.97; 3296.70; 6117.43; 9360.61; 9244.81; 3977.17; 6174.62; 7869.58; 2351.02; 9558.75; 9425.14; 3776.54; 9587.07; 9063.26; 3698.40; 9375.23; 8659.89; 3678.23; 6156.47; 0;0;0;0;0;0;0;0;0;0;0;0;0;0;0;0;0;0;0;0;0;0;0;0;0;0;0;0;0;0;0;0;0;0;0;0;0;0;0;0;Best solution: ;
6009.81; 6001.32; 3414.50; 9303.61; 3893.64; 9219.89; 1842.84; 9008.12; 9534.85; 6103.79; 9160.21; 1889.11; 9033.58; 9303.61; 9217.25; 7925.20; 6731.00; 9449.89; 3524.53; 9033.58; 8737.42; 8590.97; 3296.70; 6117.43; 9360.61; 9244.81; 3977.17; 6174.62; 7869.58; 9217.25; 9558.75; 9425.14; 3776.54; 9587.07; 9063.26; 3698.40; 9375.23; 8659.89; 3678.23; 6156.47; 0;0;0;0;0;0;0;0;0;0;0;0;0;0;0;0;0;0;0;0;0;0;0;0;0;0;0;0;0;0;0;0;0;0;0;0;0;0;0;0;Best solution: ;
6009.81; 6001.32; 3414.50; 9303.61; 3893.64; 9219.89; 1842.84; 9008.12; 9534.85; 6103.79; 9160.21; 1889.11; 9033.58; 9303.61; 9217.25; 7925.20; 6731.00; 9449.89; 3524.53; 9292.21; 8737.42; 8590.97; 3296.70; 6117.43; 9360.61; 9244.81; 3977.17; 6174.62; 7869.58; 9217.25; 9558.75; 9425.14; 3776.54; 9587.07; 9063.26; 3698.40; 9375.23; 8659.89; 3678.23; 6156.47; 0;0;0;0;0;0;0;0;0;0;0;0;0;0;0;0;0;0;0;0;0;0;0;0;0;0;0;0;0;0;0;0;0;0;0;0;0;0;0;0;Best solution: ;
6009.81; 6001.32; 3414.50; 9303.61; 3893.64; 9219.89; 1842.84; 9008.12; 9534.85; 6103.79; 9160.21; 1889.11; 9033.58; 9303.61; 9217.25; 7925.20; 6731.00; 9449.89; 3524.53; 9292.21; 9441.99; 8590.97; 3296.70; 6117.43; 9360.61; 9244.81; 3977.17; 6174.62; 7869.58; 9217.25; 9558.75; 9425.14; 3776.54; 9587.07; 9063.26; 3698.40; 9375.23; 8659.89; 3678.23; 6156.47; 0;0;0;0;0;0;0;0;0;0;0;0;0;0;0;0;0;0;0;0;0;0;0;0;0;0;0;0;0;0;0;0;0;0;0;0;0;0;0;0;Best solution: ;
6009.81; 6001.32; 3414.50; 9303.61; 3893.64; 9219.89; 1842.84; 9008.12; 9534.85; 6103.79; 9160.21; 1889.11; 9033.58; 9303.61; 9217.25; 7925.20; 6731.00; 9449.89; 3524.53; 9292.21; 9441.99; 8590.97; 3296.70; 6117.43; 9360.61; 9244.81; 9375.23; 6174.62; 7869.58; 9217.25; 9558.75; 9425.14; 3776.54; 9587.07; 9063.26; 3698.40; 9375.23; 8659.89; 3678.23; 6156.47; 0;0;0;0;0;0;0;0;0;0;0;0;0;0;0;0;0;0;0;0;0;0;0;0;0;0;0;0;0;0;0;0;0;0;0;0;0;0;0;0;Best solution: ;
6009.81; 6001.32; 3414.50; 9303.61; 3893.64; 9219.89; 1842.84; 9008.12; 9534.85; 6103.79; 9160.21; 1889.11; 9033.58; 9303.61; 9217.25; 7925.20; 6731.00; 9449.89; 3524.53; 9292.21; 9441.99; 8590.97; 3296.70; 6117.43; 9360.61; 9244.81; 9375.23; 6174.62; 7869.58; 9217.25; 9558.75; 9425.14; 3879.56; 9587.07; 9063.26; 3698.40; 9375.23; 8659.89; 3678.23; 6156.47; 0;0;0;0;0;0;0;0;0;0;0;0;0;0;0;0;0;0;0;0;0;0;0;0;0;0;0;0;0;0;0;0;0;0;0;0;0;0;0;0;Best solution: ;
6009.81; 6001.32; 6061.81; 9303.61; 3893.64; 9219.89; 1842.84; 9008.12; 9534.85; 6103.79; 9160.21; 1889.11; 9033.58; 9303.61; 9217.25; 7925.20; 6731.00; 9449.89; 3524.53; 9292.21; 9441.99; 8590.97; 3296.70; 6117.43; 9360.61; 9244.81; 9375.23; 6174.62; 7869.58; 9217.25; 9558.75; 9425.14; 3879.56; 9587.07; 9063.26; 3698.40; 9375.23; 8659.89; 3678.23; 6156.47; 0;0;0;0;0;0;0;0;0;0;0;0;0;0;0;0;0;0;0;0;0;0;0;0;0;0;0;0;0;0;0;0;0;0;0;0;0;0;0;0;Best solution: ;
6009.81; 6001.32; 6061.81; 9303.61; 3893.64; 9219.89; 1842.84; 9008.12; 9534.85; 9389.35; 9160.21; 1889.11; 9033.58; 9303.61; 9217.25; 7925.20; 6731.00; 9449.89; 3524.53; 9292.21; 9441.99; 8590.97; 3296.70; 6117.43; 9360.61; 9244.81; 9375.23; 6174.62; 7869.58; 9217.25; 9558.75; 9425.14; 3879.56; 9587.07; 9063.26; 3698.40; 9375.23; 8659.89; 3678.23; 6156.47; 0;0;0;0;0;0;0;0;0;0;0;0;0;0;0;0;0;0;0;0;0;0;0;0;0;0;0;0;0;0;0;0;0;0;0;0;0;0;0;0;Best solution: ;
6009.81; 6001.32; 6061.81; 9303.61; 3893.64; 9219.89; 1842.84; 9008.12; 9534.85; 9389.35; 9160.21; 1889.11; 9033.58; 9303.61; 9217.25; 7925.20; 6731.00; 9449.89; 3524.53; 9292.21; 9441.99; 8590.97; 3296.70; 6117.43; 9360.61; 9244.81; 9375.23; 6174.62; 7869.58; 9217.25; 9558.75; 9425.14; 3879.56; 9587.07; 9170.76; 3698.40; 9375.23; 8659.89; 3678.23; 6156.47; 0;0;0;0;0;0;0;0;0;0;0;0;0;0;0;0;0;0;0;0;0;0;0;0;0;0;0;0;0;0;0;0;0;0;0;0;0;0;0;0;Best solution: ;
9361.98; 6001.32; 6061.81; 9303.61; 3893.64; 9219.89; 1842.84; 9008.12; 9534.85; 9389.35; 9160.21; 1889.11; 9033.58; 9303.61; 9217.25; 7925.20; 6731.00; 9449.89; 3524.53; 9292.21; 9441.99; 8590.97; 3296.70; 6117.43; 9360.61; 9244.81; 9375.23; 6174.62; 7869.58; 9217.25; 9558.75; 9425.14; 3879.56; 9587.07; 9170.76; 3698.40; 9375.23; 8659.89; 3678.23; 6156.47; 0;0;0;0;0;0;0;0;0;0;0;0;0;0;0;0;0;0;0;0;0;0;0;0;0;0;0;0;0;0;0;0;0;0;0;0;0;0;0;0;Best solution: ;
9361.98; 6001.32; 6061.81; 9303.61; 3893.64; 9219.89; 1842.84; 9008.12; 9534.85; 9389.35; 9262.80; 1889.11; 9033.58; 9303.61; 9217.25; 7925.20; 6731.00; 9449.89; 3524.53; 9292.21; 9441.99; 8590.97; 3296.70; 6117.43; 9360.61; 9244.81; 9375.23; 6174.62; 7869.58; 9217.25; 9558.75; 9425.14; 3879.56; 9587.07; 9170.76; 3698.40; 9375.23; 8659.89; 3678.23; 6156.47; 0;0;0;0;0;0;0;0;0;0;0;0;0;0;0;0;0;0;0;0;0;0;0;0;0;0;0;0;0;0;0;0;0;0;0;0;0;0;0;0;Best solution: ;
9361.98; 6001.32; 6061.81; 9303.61; 3893.64; 9219.89; 1842.84; 9008.12; 9534.85; 9389.35; 9262.80; 1889.11; 9292.21; 9303.61; 9217.25; 7925.20; 6731.00; 9449.89; 3524.53; 9292.21; 9441.99; 8590.97; 3296.70; 6117.43; 9360.61; 9244.81; 9375.23; 6174.62; 7869.58; 9217.25; 9558.75; 9425.14; 3879.56; 9587.07; 9170.76; 3698.40; 9375.23; 8659.89; 3678.23; 6156.47; 0;0;0;0;0;0;0;0;0;0;0;0;0;0;0;0;0;0;0;0;0;0;0;0;0;0;0;0;0;0;0;0;0;0;0;0;0;0;0;0;Best solution: ;
9361.98; 6001.32; 6061.81; 9303.61; 3893.64; 9219.89; 1842.84; 9008.12; 9534.85; 9389.35; 9262.80; 1889.11; 9292.21; 9303.61; 9217.25; 7925.20; 6731.00; 9449.89; 3524.53; 9292.21; 9441.99; 8590.97; 3296.70; 6117.43; 9360.61; 9244.81; 9375.23; 6174.62; 7869.58; 9217.25; 9558.75; 9425.14; 3879.56; 9587.07; 9170.76; 3698.40; 9375.23; 8768.75; 3678.23; 6156.47; 0;0;0;0;0;0;0;0;0;0;0;0;0;0;0;0;0;0;0;0;0;0;0;0;0;0;0;0;0;0;0;0;0;0;0;0;0;0;0;0;Best solution: ;
9361.98; 6001.32; 6061.81; 9303.61; 3893.64; 9219.89; 1842.84; 9008.12; 9534.85; 9389.35; 9262.80; 1889.11; 9292.21; 9303.61; 9217.25; 7925.20; 6731.00; 9558.75; 3524.53; 9292.21; 9441.99; 8590.97; 3296.70; 6117.43; 9360.61; 9244.81; 9375.23; 6174.62; 7869.58; 9217.25; 9558.75; 9425.14; 3879.56; 9587.07; 9170.76; 3698.40; 9375.23; 8768.75; 3678.23; 6156.47; 0;0;0;0;0;0;0;0;0;0;0;0;0;0;0;0;0;0;0;0;0;0;0;0;0;0;0;0;0;0;0;0;0;0;0;0;0;0;0;0;Best solution: ;
9361.98; 6001.32; 6061.81; 9303.61; 3893.64; 9219.89; 1842.84; 9008.12; 9534.85; 9389.35; 9262.80; 1889.11; 9292.21; 9303.61; 9217.25; 7925.20; 6731.00; 9558.75; 3524.53; 9292.21; 9441.99; 8590.97; 9543.61; 6117.43; 9360.61; 9244.81; 9375.23; 6174.62; 7869.58; 9217.25; 9558.75; 9425.14; 3879.56; 9587.07; 9170.76; 3698.40; 9375.23; 8768.75; 3678.23; 6156.47; 0;0;0;0;0;0;0;0;0;0;0;0;0;0;0;0;0;0;0;0;0;0;0;0;0;0;0;0;0;0;0;0;0;0;0;0;0;0;0;0;Best solution: ;
9361.98; 6001.32; 6061.81; 9303.61; 3893.64; 9219.89; 1842.84; 9008.12; 9534.85; 9389.35; 9262.80; 1889.11; 9292.21; 9303.61; 9217.25; 7925.20; 6731.00; 9558.75; 3524.53; 9292.21; 9441.99; 8590.97; 9543.61; 6117.43; 9360.61; 9244.81; 9375.23; 6174.62; 7869.58; 9217.25; 9558.75; 9425.14; 3879.56; 9587.07; 9429.38; 3698.40; 9375.23; 8768.75; 3678.23; 6156.47; 0;0;0;0;0;0;0;0;0;0;0;0;0;0;0;0;0;0;0;0;0;0;0;0;0;0;0;0;0;0;0;0;0;0;0;0;0;0;0;0;Best solution: ;
9361.98; 6001.32; 6061.81; 9303.61; 3893.64; 9219.89; 9429.70; 9008.12; 9534.85; 9389.35; 9262.80; 1889.11; 9292.21; 9303.61; 9217.25; 7925.20; 6731.00; 9558.75; 3524.53; 9292.21; 9441.99; 8590.97; 9543.61; 6117.43; 9360.61; 9244.81; 9375.23; 6174.62; 7869.58; 9217.25; 9558.75; 9425.14; 3879.56; 9587.07; 9429.38; 3698.40; 9375.23; 8768.75; 3678.23; 6156.47; 0;0;0;0;0;0;0;0;0;0;0;0;0;0;0;0;0;0;0;0;0;0;0;0;0;0;0;0;0;0;0;0;0;0;0;0;0;0;0;0;Best solution: ;
9361.98; 6001.32; 6061.81; 9303.61; 3893.64; 9219.89; 9429.70; 9008.12; 9534.85; 9389.35; 9262.80; 1889.11; 9292.21; 9303.61; 9217.25; 7925.20; 9417.57; 9558.75; 3524.53; 9292.21; 9441.99; 8590.97; 9543.61; 6117.43; 9360.61; 9244.81; 9375.23; 6174.62; 7869.58; 9217.25; 9558.75; 9425.14; 3879.56; 9587.07; 9429.38; 3698.40; 9375.23; 8768.75; 3678.23; 6156.47; 0;0;0;0;0;0;0;0;0;0;0;0;0;0;0;0;0;0;0;0;0;0;0;0;0;0;0;0;0;0;0;0;0;0;0;0;0;0;0;0;Best solution: ;
9361.98; 6001.32; 6061.81; 9303.61; 3893.64; 9219.89; 9429.70; 9008.12; 9534.85; 9389.35; 9262.80; 1889.11; 9292.21; 9303.61; 9217.25; 7925.20; 9417.57; 9558.75; 3524.65; 9292.21; 9441.99; 8590.97; 9543.61; 6117.43; 9360.61; 9244.81; 9375.23; 6174.62; 7869.58; 9217.25; 9558.75; 9425.14; 3879.56; 9587.07; 9429.38; 3698.40; 9375.23; 8768.75; 3678.23; 6156.47; 0;0;0;0;0;0;0;0;0;0;0;0;0;0;0;0;0;0;0;0;0;0;0;0;0;0;0;0;0;0;0;0;0;0;0;0;0;0;0;0;Best solution: ;
9361.98; 6001.32; 6061.81; 9303.61; 3893.64; 9219.89; 9429.70; 9008.12; 9534.85; 9389.35; 9262.80; 1889.11; 9292.21; 9303.61; 9217.25; 7925.20; 9417.57; 9558.75; 3524.65; 9292.21; 9441.99; 9429.70; 9543.61; 6117.43; 9360.61; 9244.81; 9375.23; 6174.62; 7869.58; 9217.25; 9558.75; 9425.14; 3879.56; 9587.07; 9429.38; 3698.40; 9375.23; 8768.75; 3678.23; 6156.47; 0;0;0;0;0;0;0;0;0;0;0;0;0;0;0;0;0;0;0;0;0;0;0;0;0;0;0;0;0;0;0;0;0;0;0;0;0;0;0;0;Best solution: ;
9361.98; 6001.32; 6061.81; 9303.61; 3893.64; 9219.89; 9429.70; 9008.12; 9534.85; 9389.35; 9262.80; 1889.11; 9292.21; 9303.61; 9217.25; 7925.20; 9417.57; 9558.75; 3524.65; 9292.21; 9441.99; 9429.70; 9543.61; 6117.43; 9360.61; 9244.81; 9375.23; 6174.62; 7869.58; 9217.25; 9558.75; 9425.14; 3879.56; 9587.07; 9429.38; 3698.40; 9375.23; 8768.75; 8978.55; 6156.47; 0;0;0;0;0;0;0;0;0;0;0;0;0;0;0;0;0;0;0;0;0;0;0;0;0;0;0;0;0;0;0;0;0;0;0;0;0;0;0;0;Best solution: ;
9361.98; 6001.32; 6061.81; 9303.61; 3893.64; 9219.89; 9429.70; 9462.28; 9534.85; 9389.35; 9262.80; 1889.11; 9292.21; 9303.61; 9217.25; 7925.20; 9417.57; 9558.75; 3524.65; 9292.21; 9441.99; 9429.70; 9543.61; 6117.43; 9360.61; 9244.81; 9375.23; 6174.62; 7869.58; 9217.25; 9558.75; 9425.14; 3879.56; 9587.07; 9429.38; 3698.40; 9375.23; 8768.75; 8978.55; 6156.47; 0;0;0;0;0;0;0;0;0;0;0;0;0;0;0;0;0;0;0;0;0;0;0;0;0;0;0;0;0;0;0;0;0;0;0;0;0;0;0;0;Best solution: ;
9361.98; 6001.32; 6061.81; 9303.61; 3893.64; 9219.89; 9429.70; 9462.28; 9534.85; 9389.35; 9262.80; 1889.11; 9292.21; 9303.61; 9217.25; 7925.20; 9417.57; 9558.75; 3524.65; 9292.21; 9441.99; 9429.70; 9543.61; 6117.43; 9360.61; 9244.81; 9375.23; 9526.79; 7869.58; 9217.25; 9558.75; 9425.14; 3879.56; 9587.07; 9429.38; 3698.40; 9375.23; 8768.75; 8978.55; 6156.47; 0;0;0;0;0;0;0;0;0;0;0;0;0;0;0;0;0;0;0;0;0;0;0;0;0;0;0;0;0;0;0;0;0;0;0;0;0;0;0;0;Best solution: ;
9361.98; 6001.32; 6061.81; 9303.61; 3893.64; 9219.89; 9429.70; 9462.28; 9534.85; 9389.35; 9262.80; 1889.11; 9292.21; 9303.61; 9217.25; 7925.20; 9417.57; 9558.75; 3524.65; 9292.21; 9441.99; 9429.70; 9543.61; 6117.43; 9360.61; 9244.81; 9375.23; 9526.79; 7869.58; 9217.25; 9558.75; 9425.14; 3879.56; 9587.07; 9429.38; 9257.35; 9375.23; 8768.75; 8978.55; 6156.47; 0;0;0;0;0;0;0;0;0;0;0;0;0;0;0;0;0;0;0;0;0;0;0;0;0;0;0;0;0;0;0;0;0;0;0;0;0;0;0;0;Best solution: ;
9361.98; 6001.32; 6061.81; 9303.61; 3893.64; 9219.89; 9429.70; 9462.28; 9534.85; 9389.35; 9262.80; 1889.11; 9292.21; 9303.61; 9217.25; 7925.20; 9417.57; 9558.75; 3524.65; 9292.21; 9441.99; 9429.70; 9543.61; 6117.43; 9360.61; 9244.81; 9375.23; 9526.79; 7869.58; 9217.25; 9558.75; 9425.14; 3879.56; 9587.07; 9429.38; 9257.35; 9375.23; 9473.32; 8978.55; 6156.47; 0;0;0;0;0;0;0;0;0;0;0;0;0;0;0;0;0;0;0;0;0;0;0;0;0;0;0;0;0;0;0;0;0;0;0;0;0;0;0;0;Best solution: ;
9429.38; 6001.32; 6061.81; 9303.61; 3893.64; 9219.89; 9429.70; 9462.28; 9534.85; 9389.35; 9262.80; 1889.11; 9292.21; 9303.61; 9217.25; 7925.20; 9417.57; 9558.75; 3524.65; 9292.21; 9441.99; 9429.70; 9543.61; 6117.43; 9360.61; 9244.81; 9375.23; 9526.79; 7869.58; 9217.25; 9558.75; 9425.14; 3879.56; 9587.07; 9429.38; 9257.35; 9375.23; 9473.32; 8978.55; 6156.47; 0;0;0;0;0;0;0;0;0;0;0;0;0;0;0;0;0;0;0;0;0;0;0;0;0;0;0;0;0;0;0;0;0;0;0;0;0;0;0;0;Best solution: ;
9429.38; 6001.32; 6061.81; 9303.61; 3893.64; 9219.89; 9429.70; 9462.28; 9534.85; 9389.35; 9262.80; 1889.11; 9292.21; 9303.61; 9217.25; 7925.20; 9417.57; 9558.75; 9415.95; 9292.21; 9441.99; 9429.70; 9543.61; 6117.43; 9360.61; 9244.81; 9375.23; 9526.79; 7869.58; 9217.25; 9558.75; 9425.14; 3879.56; 9587.07; 9429.38; 9257.35; 9375.23; 9473.32; 8978.55; 6156.47; 0;0;0;0;0;0;0;0;0;0;0;0;0;0;0;0;0;0;0;0;0;0;0;0;0;0;0;0;0;0;0;0;0;0;0;0;0;0;0;0;Best solution: ;
9429.38; 6001.32; 6061.81; 9303.61; 3893.64; 9219.89; 9429.70; 9462.28; 9534.85; 9389.35; 9262.80; 1889.11; 9292.21; 9303.61; 9217.25; 7925.20; 9417.57; 9558.75; 9415.95; 9292.21; 9441.99; 9429.70; 9543.61; 6117.43; 9360.61; 9244.81; 9375.23; 9526.79; 7869.58; 9217.25; 9558.75; 9425.14; 9296.81; 9587.07; 9429.38; 9257.35; 9375.23; 9473.32; 8978.55; 6156.47; 0;0;0;0;0;0;0;0;0;0;0;0;0;0;0;0;0;0;0;0;0;0;0;0;0;0;0;0;0;0;0;0;0;0;0;0;0;0;0;0;Best solution: ;
9429.38; 6001.32; 6061.81; 9303.61; 3893.64; 9219.89; 9429.70; 9462.28; 9534.85; 9389.35; 9262.80; 1889.11; 9292.21; 9303.61; 9217.25; 7925.20; 9417.57; 9558.75; 9415.95; 9292.21; 9441.99; 9429.70; 9543.61; 6117.43; 9360.61; 9244.81; 9375.23; 9526.79; 7869.58; 9217.25; 9558.75; 9425.14; 9296.81; 9587.07; 9429.38; 9280.33; 9375.23; 9473.32; 8978.55; 6156.47; 0;0;0;0;0;0;0;0;0;0;0;0;0;0;0;0;0;0;0;0;0;0;0;0;0;0;0;0;0;0;0;0;0;0;0;0;0;0;0;0;Best solution: ;
9429.38; 6001.32; 6061.81; 9303.61; 3893.64; 9219.89; 9429.70; 9462.28; 9534.85; 9389.35; 9262.80; 1889.11; 9292.21; 9303.61; 9217.25; 7925.20; 9417.57; 9558.75; 9415.95; 9292.21; 9441.99; 9429.70; 9543.61; 6117.43; 9360.61; 9244.81; 9375.23; 9526.79; 7869.58; 9217.25; 9558.75; 9425.14; 9296.81; 9587.07; 9429.38; 9280.33; 9375.23; 9473.32; 9057.73; 6156.47; 0;0;0;0;0;0;0;0;0;0;0;0;0;0;0;0;0;0;0;0;0;0;0;0;0;0;0;0;0;0;0;0;0;0;0;0;0;0;0;0;Best solution: ;
9429.38; 6001.32; 6061.81; 9303.61; 3893.64; 9219.89; 9429.70; 9462.28; 9534.85; 9389.35; 9262.80; 1889.11; 9292.21; 9303.61; 9217.25; 7925.20; 9417.57; 9558.75; 9415.95; 9292.21; 9441.99; 9429.70; 9543.61; 6117.43; 9360.61; 9244.81; 9375.23; 9526.79; 7869.58; 9217.25; 9558.75; 9425.14; 9296.81; 9587.07; 9429.38; 9280.33; 9375.23; 9473.32; 9057.73; 9201.68; 0;0;0;0;0;0;0;0;0;0;0;0;0;0;0;0;0;0;0;0;0;0;0;0;0;0;0;0;0;0;0;0;0;0;0;0;0;0;0;0;Best solution: ;
9429.38; 9305.14; 6061.81; 9303.61; 3893.64; 9219.89; 9429.70; 9462.28; 9534.85; 9389.35; 9262.80; 1889.11; 9292.21; 9303.61; 9217.25; 7925.20; 9417.57; 9558.75; 9415.95; 9292.21; 9441.99; 9429.70; 9543.61; 6117.43; 9360.61; 9244.81; 9375.23; 9526.79; 7869.58; 9217.25; 9558.75; 9425.14; 9296.81; 9587.07; 9429.38; 9280.33; 9375.23; 9473.32; 9057.73; 9201.68; 0;0;0;0;0;0;0;0;0;0;0;0;0;0;0;0;0;0;0;0;0;0;0;0;0;0;0;0;0;0;0;0;0;0;0;0;0;0;0;0;Best solution: ;
9429.38; 9305.14; 9397.06; 9303.61; 3893.64; 9219.89; 9429.70; 9462.28; 9534.85; 9389.35; 9262.80; 1889.11; 9292.21; 9303.61; 9217.25; 7925.20; 9417.57; 9558.75; 9415.95; 9292.21; 9441.99; 9429.70; 9543.61; 6117.43; 9360.61; 9244.81; 9375.23; 9526.79; 7869.58; 9217.25; 9558.75; 9425.14; 9296.81; 9587.07; 9429.38; 9280.33; 9375.23; 9473.32; 9057.73; 9201.68; 0;0;0;0;0;0;0;0;0;0;0;0;0;0;0;0;0;0;0;0;0;0;0;0;0;0;0;0;0;0;0;0;0;0;0;0;0;0;0;0;Best solution: ;
9429.38; 9305.14; 9397.06; 9303.61; 3893.64; 9219.89; 9429.70; 9462.28; 9534.85; 9389.35; 9262.80; 9101.63; 9292.21; 9303.61; 9217.25; 7925.20; 9417.57; 9558.75; 9415.95; 9292.21; 9441.99; 9429.70; 9543.61; 6117.43; 9360.61; 9244.81; 9375.23; 9526.79; 7869.58; 9217.25; 9558.75; 9425.14; 9296.81; 9587.07; 9429.38; 9280.33; 9375.23; 9473.32; 9057.73; 9201.68; 0;0;0;0;0;0;0;0;0;0;0;0;0;0;0;0;0;0;0;0;0;0;0;0;0;0;0;0;0;0;0;0;0;0;0;0;0;0;0;0;Best solution: ;
9429.38; 9305.14; 9397.06; 9303.61; 3893.64; 9219.89; 9429.70; 9462.28; 9534.85; 9389.35; 9262.80; 9101.63; 9292.21; 9303.61; 9217.25; 7925.20; 9417.57; 9558.75; 9540.19; 9292.21; 9441.99; 9429.70; 9543.61; 6117.43; 9360.61; 9244.81; 9375.23; 9526.79; 7869.58; 9217.25; 9558.75; 9425.14; 9296.81; 9587.07; 9429.38; 9280.33; 9375.23; 9473.32; 9057.73; 9201.68; 0;0;0;0;0;0;0;0;0;0;0;0;0;0;0;0;0;0;0;0;0;0;0;0;0;0;0;0;0;0;0;0;0;0;0;0;0;0;0;0;Best solution: ;
9429.38; 9305.14; 9397.06; 9303.61; 3893.64; 9219.89; 9429.70; 9462.28; 9534.85; 9389.35; 9262.80; 9101.63; 9292.21; 9303.61; 9217.25; 7925.20; 9417.57; 9558.75; 9540.19; 9292.21; 9441.99; 9429.70; 9543.61; 9452.68; 9360.61; 9244.81; 9375.23; 9526.79; 7869.58; 9217.25; 9558.75; 9425.14; 9296.81; 9587.07; 9429.38; 9280.33; 9375.23; 9473.32; 9057.73; 9201.68; 0;0;0;0;0;0;0;0;0;0;0;0;0;0;0;0;0;0;0;0;0;0;0;0;0;0;0;0;0;0;0;0;0;0;0;0;0;0;0;0;Best solution: ;
9429.38; 9305.14; 9397.06; 9303.61; 3893.64; 9219.89; 9429.70; 9462.28; 9534.85; 9389.35; 9262.80; 9101.63; 9292.21; 9303.61; 9217.25; 7925.20; 9417.57; 9558.75; 9540.19; 9292.21; 9441.99; 9429.70; 9543.61; 9452.68; 9360.61; 9244.81; 9375.23; 9526.79; 7869.58; 9217.25; 9558.75; 9452.68; 9296.81; 9587.07; 9429.38; 9280.33; 9375.23; 9473.32; 9057.73; 9201.68; 0;0;0;0;0;0;0;0;0;0;0;0;0;0;0;0;0;0;0;0;0;0;0;0;0;0;0;0;0;0;0;0;0;0;0;0;0;0;0;0;Best solution: ;
9429.38; 9305.14; 9397.06; 9303.61; 3893.64; 9219.89; 9429.70; 9462.28; 9534.85; 9389.35; 9262.80; 9101.63; 9292.21; 9303.61; 9217.25; 7925.20; 9417.57; 9558.75; 9540.19; 9292.21; 9441.99; 9429.70; 9543.61; 9452.68; 9360.61; 9244.81; 9375.23; 9526.79; 7869.58; 9217.25; 9558.75; 9452.68; 9587.07; 9587.07; 9429.38; 9280.33; 9375.23; 9473.32; 9057.73; 9201.68; 0;0;0;0;0;0;0;0;0;0;0;0;0;0;0;0;0;0;0;0;0;0;0;0;0;0;0;0;0;0;0;0;0;0;0;0;0;0;0;0;Best solution: ;
9429.38; 9305.14; 9397.06; 9303.61; 3893.64; 9219.89; 9429.70; 9462.28; 9534.85; 9389.35; 9262.80; 9101.63; 9292.21; 9303.61; 9217.25; 7925.20; 9417.57; 9558.75; 9540.19; 9292.21; 9441.99; 9429.70; 9543.61; 9452.68; 9360.61; 9244.81; 9375.23; 9526.79; 7869.58; 9217.25; 9558.75; 9452.68; 9587.07; 9587.07; 9429.38; 9280.33; 9375.23; 9473.32; 9057.73; 9460.30; 0;0;0;0;0;0;0;0;0;0;0;0;0;0;0;0;0;0;0;0;0;0;0;0;0;0;0;0;0;0;0;0;0;0;0;0;0;0;0;0;Best solution: ;
9429.38; 9305.14; 9397.06; 9303.61; 3893.64; 9219.89; 9429.70; 9462.28; 9534.85; 9389.35; 9262.80; 9101.63; 9292.21; 9303.61; 9217.25; 7925.20; 9417.57; 9558.75; 9540.19; 9292.21; 9441.99; 9429.70; 9543.61; 9452.68; 9360.61; 9244.81; 9375.23; 9526.79; 7869.58; 9217.25; 9558.75; 9452.68; 9587.07; 9587.07; 9429.38; 9280.33; 9375.23; 9473.32; 9316.36; 9460.30; 0;0;0;0;0;0;0;0;0;0;0;0;0;0;0;0;0;0;0;0;0;0;0;0;0;0;0;0;0;0;0;0;0;0;0;0;0;0;0;0;Best solution: ;
9429.38; 9305.14; 9397.06; 9303.61; 3893.64; 9219.89; 9429.70; 9462.28; 9534.85; 9389.35; 9521.43; 9101.63; 9292.21; 9303.61; 9217.25; 7925.20; 9417.57; 9558.75; 9540.19; 9292.21; 9441.99; 9429.70; 9543.61; 9452.68; 9360.61; 9244.81; 9375.23; 9526.79; 7869.58; 9217.25; 9558.75; 9452.68; 9587.07; 9587.07; 9429.38; 9280.33; 9375.23; 9473.32; 9316.36; 9460.30; 0;0;0;0;0;0;0;0;0;0;0;0;0;0;0;0;0;0;0;0;0;0;0;0;0;0;0;0;0;0;0;0;0;0;0;0;0;0;0;0;Best solution: ;
9429.38; 9305.14; 9397.06; 9303.61; 3893.64; 9219.89; 9429.70; 9462.28; 9534.85; 9389.35; 9521.43; 9164.92; 9292.21; 9303.61; 9217.25; 7925.20; 9417.57; 9558.75; 9540.19; 9292.21; 9441.99; 9429.70; 9543.61; 9452.68; 9360.61; 9244.81; 9375.23; 9526.79; 7869.58; 9217.25; 9558.75; 9452.68; 9587.07; 9587.07; 9429.38; 9280.33; 9375.23; 9473.32; 9316.36; 9460.30; 0;0;0;0;0;0;0;0;0;0;0;0;0;0;0;0;0;0;0;0;0;0;0;0;0;0;0;0;0;0;0;0;0;0;0;0;0;0;0;0;Best solution: ;
9429.38; 9305.14; 9397.06; 9303.61; 3893.64; 9219.89; 9429.70; 9462.28; 9534.85; 9389.35; 9521.43; 9164.92; 9292.21; 9303.61; 9217.25; 7925.20; 9417.57; 9558.75; 9540.19; 9292.21; 9441.99; 9429.70; 9543.61; 9452.68; 9360.61; 9244.81; 9375.23; 9558.75; 7869.58; 9217.25; 9558.75; 9452.68; 9587.07; 9587.07; 9429.38; 9280.33; 9375.23; 9473.32; 9316.36; 9460.30; 0;0;0;0;0;0;0;0;0;0;0;0;0;0;0;0;0;0;0;0;0;0;0;0;0;0;0;0;0;0;0;0;0;0;0;0;0;0;0;0;Best solution: ;
9429.38; 9305.14; 9397.06; 9303.61; 3893.64; 9219.89; 9429.70; 9462.28; 9534.85; 9389.35; 9521.43; 9164.92; 9292.21; 9303.61; 9217.25; 7925.20; 9417.57; 9558.75; 9540.19; 9292.21; 9441.99; 9429.70; 9543.61; 9452.68; 9360.61; 9244.81; 9375.23; 9558.75; 9494.15; 9217.25; 9558.75; 9452.68; 9587.07; 9587.07; 9429.38; 9280.33; 9375.23; 9473.32; 9316.36; 9460.30; 0;0;0;0;0;0;0;0;0;0;0;0;0;0;0;0;0;0;0;0;0;0;0;0;0;0;0;0;0;0;0;0;0;0;0;0;0;0;0;0;Best solution: ;
9429.38; 9305.14; 9397.06; 9303.61; 3893.64; 9219.89; 9429.70; 9462.28; 9534.85; 9389.35; 9521.43; 9164.92; 9292.21; 9303.61; 9217.25; 7925.20; 9417.57; 9558.75; 9540.19; 9292.21; 9441.99; 9429.70; 9543.61; 9452.68; 9360.61; 9244.81; 9375.23; 9558.75; 9494.15; 9217.25; 9558.75; 9452.68; 9587.07; 9587.07; 9429.38; 9280.33; 9452.68; 9473.32; 9316.36; 9460.30; 0;0;0;0;0;0;0;0;0;0;0;0;0;0;0;0;0;0;0;0;0;0;0;0;0;0;0;0;0;0;0;0;0;0;0;0;0;0;0;0;Best solution: ;
9429.38; 9305.14; 9397.06; 9303.61; 3893.64; 9219.89; 9429.70; 9462.28; 9534.85; 9389.35; 9521.43; 9164.92; 9292.21; 9303.61; 9217.25; 7925.20; 9417.57; 9558.75; 9540.19; 9292.21; 9441.99; 9429.70; 9543.61; 9452.68; 9360.61; 9244.81; 9375.23; 9558.75; 9494.15; 9217.25; 9558.75; 9452.68; 9587.07; 9587.07; 9429.38; 9280.33; 9452.68; 9501.64; 9316.36; 9460.30; 0;0;0;0;0;0;0;0;0;0;0;0;0;0;0;0;0;0;0;0;0;0;0;0;0;0;0;0;0;0;0;0;0;0;0;0;0;0;0;0;Best solution: ;
9429.38; 9305.14; 9397.06; 9303.61; 9568.01; 9219.89; 9429.70; 9462.28; 9534.85; 9389.35; 9521.43; 9164.92; 9292.21; 9303.61; 9217.25; 7925.20; 9417.57; 9558.75; 9540.19; 9292.21; 9441.99; 9429.70; 9543.61; 9452.68; 9360.61; 9244.81; 9375.23; 9558.75; 9494.15; 9217.25; 9558.75; 9452.68; 9587.07; 9587.07; 9429.38; 9280.33; 9452.68; 9501.64; 9316.36; 9460.30; 0;0;0;0;0;0;0;0;0;0;0;0;0;0;0;0;0;0;0;0;0;0;0;0;0;0;0;0;0;0;0;0;0;0;0;0;0;0;0;0;Best solution: ;
9429.38; 9305.14; 9397.06; 9303.61; 9568.01; 9219.89; 9429.70; 9494.15; 9534.85; 9389.35; 9521.43; 9164.92; 9292.21; 9303.61; 9217.25; 7925.20; 9417.57; 9558.75; 9540.19; 9292.21; 9441.99; 9429.70; 9543.61; 9452.68; 9360.61; 9244.81; 9375.23; 9558.75; 9494.15; 9217.25; 9558.75; 9452.68; 9587.07; 9587.07; 9429.38; 9280.33; 9452.68; 9501.64; 9316.36; 9460.30; 0;0;0;0;0;0;0;0;0;0;0;0;0;0;0;0;0;0;0;0;0;0;0;0;0;0;0;0;0;0;0;0;0;0;0;0;0;0;0;0;Best solution: ;
9429.38; 9305.14; 9397.06; 9303.61; 9568.01; 9219.89; 9429.70; 9494.15; 9534.85; 9389.35; 9521.43; 9164.92; 9292.21; 9303.61; 9217.25; 7925.20; 9417.57; 9558.75; 9540.19; 9292.21; 9441.99; 9550.85; 9543.61; 9452.68; 9360.61; 9244.81; 9375.23; 9558.75; 9494.15; 9217.25; 9558.75; 9452.68; 9587.07; 9587.07; 9429.38; 9280.33; 9452.68; 9501.64; 9316.36; 9460.30; 0;0;0;0;0;0;0;0;0;0;0;0;0;0;0;0;0;0;0;0;0;0;0;0;0;0;0;0;0;0;0;0;0;0;0;0;0;0;0;0;Best solution: ;
9429.38; 9305.14; 9397.06; 9303.61; 9568.01; 9219.89; 9429.70; 9494.15; 9534.85; 9389.35; 9521.43; 9504.42; 9292.21; 9303.61; 9217.25; 7925.20; 9417.57; 9558.75; 9540.19; 9292.21; 9441.99; 9550.85; 9543.61; 9452.68; 9360.61; 9244.81; 9375.23; 9558.75; 9494.15; 9217.25; 9558.75; 9452.68; 9587.07; 9587.07; 9429.38; 9280.33; 9452.68; 9501.64; 9316.36; 9460.30; 0;0;0;0;0;0;0;0;0;0;0;0;0;0;0;0;0;0;0;0;0;0;0;0;0;0;0;0;0;0;0;0;0;0;0;0;0;0;0;0;Best solution: ;
9429.38; 9305.14; 9397.06; 9303.61; 9568.01; 9219.89; 9429.70; 9494.15; 9534.85; 9389.35; 9521.43; 9504.42; 9292.21; 9303.61; 9430.53; 7925.20; 9417.57; 9558.75; 9540.19; 9292.21; 9441.99; 9550.85; 9543.61; 9452.68; 9360.61; 9244.81; 9375.23; 9558.75; 9494.15; 9217.25; 9558.75; 9452.68; 9587.07; 9587.07; 9429.38; 9280.33; 9452.68; 9501.64; 9316.36; 9460.30; 0;0;0;0;0;0;0;0;0;0;0;0;0;0;0;0;0;0;0;0;0;0;0;0;0;0;0;0;0;0;0;0;0;0;0;0;0;0;0;0;Best solution: ;
9429.38; 9305.14; 9397.06; 9303.61; 9568.01; 9219.89; 9429.70; 9494.15; 9534.85; 9389.35; 9521.43; 9504.42; 9292.21; 9303.61; 9430.53; 9549.77; 9417.57; 9558.75; 9540.19; 9292.21; 9441.99; 9550.85; 9543.61; 9452.68; 9360.61; 9244.81; 9375.23; 9558.75; 9494.15; 9217.25; 9558.75; 9452.68; 9587.07; 9587.07; 9429.38; 9280.33; 9452.68; 9501.64; 9316.36; 9460.30; 0;0;0;0;0;0;0;0;0;0;0;0;0;0;0;0;0;0;0;0;0;0;0;0;0;0;0;0;0;0;0;0;0;0;0;0;0;0;0;0;Best solution: ;
9429.38; 9305.14; 9397.06; 9303.61; 9568.01; 9219.89; 9429.70; 9494.15; 9534.85; 9389.35; 9521.43; 9504.42; 9292.21; 9303.61; 9430.53; 9549.77; 9417.57; 9558.75; 9540.19; 9292.21; 9441.99; 9550.85; 9543.61; 9452.68; 9565.37; 9244.81; 9375.23; 9558.75; 9494.15; 9217.25; 9558.75; 9452.68; 9587.07; 9587.07; 9429.38; 9280.33; 9452.68; 9501.64; 9316.36; 9460.30; 0;0;0;0;0;0;0;0;0;0;0;0;0;0;0;0;0;0;0;0;0;0;0;0;0;0;0;0;0;0;0;0;0;0;0;0;0;0;0;0;Best solution: ;
9429.38; 9305.14; 9397.06; 9303.61; 9568.01; 9219.89; 9429.70; 9549.77; 9534.85; 9389.35; 9521.43; 9504.42; 9292.21; 9303.61; 9430.53; 9549.77; 9417.57; 9558.75; 9540.19; 9292.21; 9441.99; 9550.85; 9543.61; 9452.68; 9565.37; 9244.81; 9375.23; 9558.75; 9494.15; 9217.25; 9558.75; 9452.68; 9587.07; 9587.07; 9429.38; 9280.33; 9452.68; 9501.64; 9316.36; 9460.30; 0;0;0;0;0;0;0;0;0;0;0;0;0;0;0;0;0;0;0;0;0;0;0;0;0;0;0;0;0;0;0;0;0;0;0;0;0;0;0;0;Best solution: ;
9429.38; 9305.14; 9397.06; 9303.61; 9568.01; 9219.89; 9429.70; 9549.77; 9534.85; 9389.35; 9521.43; 9565.37; 9292.21; 9303.61; 9430.53; 9549.77; 9417.57; 9558.75; 9540.19; 9292.21; 9441.99; 9550.85; 9543.61; 9452.68; 9565.37; 9244.81; 9375.23; 9558.75; 9494.15; 9217.25; 9558.75; 9452.68; 9587.07; 9587.07; 9429.38; 9280.33; 9452.68; 9501.64; 9316.36; 9460.30; 0;0;0;0;0;0;0;0;0;0;0;0;0;0;0;0;0;0;0;0;0;0;0;0;0;0;0;0;0;0;0;0;0;0;0;0;0;0;0;0;Best solution: ;
9429.38; 9305.14; 9397.06; 9303.61; 9568.01; 9219.89; 9429.70; 9549.77; 9534.85; 9389.35; 9521.43; 9565.37; 9292.21; 9479.57; 9430.53; 9549.77; 9417.57; 9558.75; 9540.19; 9292.21; 9441.99; 9550.85; 9543.61; 9452.68; 9565.37; 9244.81; 9375.23; 9558.75; 9494.15; 9217.25; 9558.75; 9452.68; 9587.07; 9587.07; 9429.38; 9280.33; 9452.68; 9501.64; 9316.36; 9460.30; 0;0;0;0;0;0;0;0;0;0;0;0;0;0;0;0;0;0;0;0;0;0;0;0;0;0;0;0;0;0;0;0;0;0;0;0;0;0;0;0;Best solution: ;
9429.38; 9305.14; 9397.06; 9303.61; 9568.01; 9219.89; 9429.70; 9549.77; 9534.85; 9411.11; 9521.43; 9565.37; 9292.21; 9479.57; 9430.53; 9549.77; 9417.57; 9558.75; 9540.19; 9292.21; 9441.99; 9550.85; 9543.61; 9452.68; 9565.37; 9244.81; 9375.23; 9558.75; 9494.15; 9217.25; 9558.75; 9452.68; 9587.07; 9587.07; 9429.38; 9280.33; 9452.68; 9501.64; 9316.36; 9460.30; 0;0;0;0;0;0;0;0;0;0;0;0;0;0;0;0;0;0;0;0;0;0;0;0;0;0;0;0;0;0;0;0;0;0;0;0;0;0;0;0;Best solution: ;
9429.38; 9305.14; 9397.06; 9303.61; 9568.01; 9219.89; 9429.70; 9549.77; 9534.85; 9411.11; 9521.43; 9565.37; 9292.21; 9479.57; 9430.53; 9549.77; 9557.41; 9558.75; 9540.19; 9292.21; 9441.99; 9550.85; 9543.61; 9452.68; 9565.37; 9244.81; 9375.23; 9558.75; 9494.15; 9217.25; 9558.75; 9452.68; 9587.07; 9587.07; 9429.38; 9280.33; 9452.68; 9501.64; 9316.36; 9460.30; 0;0;0;0;0;0;0;0;0;0;0;0;0;0;0;0;0;0;0;0;0;0;0;0;0;0;0;0;0;0;0;0;0;0;0;0;0;0;0;0;Best solution: ;
9429.38; 9305.14; 9397.06; 9303.61; 9568.01; 9219.89; 9429.70; 9549.77; 9534.85; 9411.11; 9521.43; 9565.37; 9292.21; 9479.57; 9430.53; 9549.77; 9557.41; 9558.75; 9540.19; 9292.21; 9441.99; 9550.85; 9543.61; 9452.68; 9565.37; 9244.81; 9375.23; 9558.75; 9494.15; 9217.25; 9558.75; 9452.68; 9587.07; 9587.07; 9429.38; 9280.33; 9458.02; 9501.64; 9316.36; 9460.30; 0;0;0;0;0;0;0;0;0;0;0;0;0;0;0;0;0;0;0;0;0;0;0;0;0;0;0;0;0;0;0;0;0;0;0;0;0;0;0;0;Best solution: ;
9429.38; 9305.14; 9397.06; 9303.61; 9568.01; 9219.89; 9429.70; 9549.77; 9534.85; 9411.11; 9521.43; 9565.37; 9292.21; 9479.57; 9430.53; 9549.77; 9557.41; 9558.75; 9540.19; 9292.21; 9441.99; 9550.85; 9543.61; 9452.68; 9565.37; 9244.81; 9375.23; 9558.75; 9494.15; 9217.25; 9558.75; 9452.68; 9587.07; 9587.07; 9429.38; 9280.33; 9458.02; 9501.64; 9316.36; 9507.92; 0;0;0;0;0;0;0;0;0;0;0;0;0;0;0;0;0;0;0;0;0;0;0;0;0;0;0;0;0;0;0;0;0;0;0;0;0;0;0;0;Best solution: ;
9429.38; 9305.14; 9397.06; 9303.61; 9568.01; 9219.89; 9429.70; 9549.77; 9534.85; 9411.11; 9521.43; 9565.37; 9292.21; 9479.57; 9430.53; 9549.77; 9557.41; 9558.75; 9540.19; 9292.21; 9441.99; 9550.85; 9543.61; 9452.68; 9565.37; 9244.81; 9579.17; 9558.75; 9494.15; 9217.25; 9558.75; 9452.68; 9587.07; 9587.07; 9429.38; 9280.33; 9458.02; 9501.64; 9316.36; 9507.92; 0;0;0;0;0;0;0;0;0;0;0;0;0;0;0;0;0;0;0;0;0;0;0;0;0;0;0;0;0;0;0;0;0;0;0;0;0;0;0;0;Best solution: ;
9429.38; 9415.95; 9397.06; 9303.61; 9568.01; 9219.89; 9429.70; 9549.77; 9534.85; 9411.11; 9521.43; 9565.37; 9292.21; 9479.57; 9430.53; 9549.77; 9557.41; 9558.75; 9540.19; 9292.21; 9441.99; 9550.85; 9543.61; 9452.68; 9565.37; 9244.81; 9579.17; 9558.75; 9494.15; 9217.25; 9558.75; 9452.68; 9587.07; 9587.07; 9429.38; 9280.33; 9458.02; 9501.64; 9316.36; 9507.92; 0;0;0;0;0;0;0;0;0;0;0;0;0;0;0;0;0;0;0;0;0;0;0;0;0;0;0;0;0;0;0;0;0;0;0;0;0;0;0;0;Best solution: ;
9429.38; 9415.95; 9397.06; 9303.61; 9568.01; 9219.89; 9429.70; 9549.77; 9534.85; 9411.11; 9521.43; 9565.37; 9568.88; 9479.57; 9430.53; 9549.77; 9557.41; 9558.75; 9540.19; 9292.21; 9441.99; 9550.85; 9543.61; 9452.68; 9565.37; 9244.81; 9579.17; 9558.75; 9494.15; 9217.25; 9558.75; 9452.68; 9587.07; 9587.07; 9429.38; 9280.33; 9458.02; 9501.64; 9316.36; 9507.92; 0;0;0;0;0;0;0;0;0;0;0;0;0;0;0;0;0;0;0;0;0;0;0;0;0;0;0;0;0;0;0;0;0;0;0;0;0;0;0;0;Best solution: ;
9429.38; 9415.95; 9397.06; 9303.61; 9568.01; 9219.89; 9429.70; 9549.77; 9534.85; 9411.11; 9521.43; 9565.37; 9568.88; 9479.57; 9430.53; 9549.77; 9557.41; 9587.07; 9540.19; 9292.21; 9441.99; 9550.85; 9543.61; 9452.68; 9565.37; 9244.81; 9579.17; 9558.75; 9494.15; 9217.25; 9558.75; 9452.68; 9587.07; 9587.07; 9429.38; 9280.33; 9458.02; 9501.64; 9316.36; 9507.92; 0;0;0;0;0;0;0;0;0;0;0;0;0;0;0;0;0;0;0;0;0;0;0;0;0;0;0;0;0;0;0;0;0;0;0;0;0;0;0;0;Best solution: ;
9429.38; 9415.95; 9397.06; 9303.61; 9568.01; 9219.89; 9429.70; 9549.77; 9534.85; 9411.11; 9521.43; 9565.37; 9568.88; 9479.57; 9430.53; 9549.77; 9557.41; 9587.07; 9540.19; 9292.21; 9441.99; 9550.85; 9543.61; 9452.68; 9565.37; 9244.81; 9579.17; 9587.07; 9494.15; 9217.25; 9558.75; 9452.68; 9587.07; 9587.07; 9429.38; 9280.33; 9458.02; 9501.64; 9316.36; 9507.92; 0;0;0;0;0;0;0;0;0;0;0;0;0;0;0;0;0;0;0;0;0;0;0;0;0;0;0;0;0;0;0;0;0;0;0;0;0;0;0;0;Best solution: ;
9429.38; 9415.95; 9397.06; 9303.61; 9568.01; 9219.89; 9429.70; 9549.77; 9534.85; 9411.11; 9521.43; 9565.37; 9568.88; 9479.57; 9430.53; 9549.77; 9557.41; 9587.07; 9540.19; 9292.21; 9441.99; 9550.85; 9543.61; 9452.68; 9565.37; 9244.81; 9579.17; 9587.07; 9494.15; 9313.50; 9558.75; 9452.68; 9587.07; 9587.07; 9429.38; 9280.33; 9458.02; 9501.64; 9316.36; 9507.92; 0;0;0;0;0;0;0;0;0;0;0;0;0;0;0;0;0;0;0;0;0;0;0;0;0;0;0;0;0;0;0;0;0;0;0;0;0;0;0;0;Best solution: ;
9429.38; 9534.85; 9397.06; 9303.61; 9568.01; 9219.89; 9429.70; 9549.77; 9534.85; 9411.11; 9521.43; 9565.37; 9568.88; 9479.57; 9430.53; 9549.77; 9557.41; 9587.07; 9540.19; 9292.21; 9441.99; 9550.85; 9543.61; 9452.68; 9565.37; 9244.81; 9579.17; 9587.07; 9494.15; 9313.50; 9558.75; 9452.68; 9587.07; 9587.07; 9429.38; 9280.33; 9458.02; 9501.64; 9316.36; 9507.92; 0;0;0;0;0;0;0;0;0;0;0;0;0;0;0;0;0;0;0;0;0;0;0;0;0;0;0;0;0;0;0;0;0;0;0;0;0;0;0;0;Best solution: ;
9429.38; 9534.85; 9397.06; 9303.61; 9568.01; 9219.89; 9429.70; 9549.77; 9534.85; 9411.11; 9521.43; 9565.37; 9568.88; 9479.57; 9430.53; 9549.77; 9557.41; 9587.07; 9540.19; 9292.21; 9441.99; 9550.85; 9543.61; 9452.68; 9565.37; 9244.81; 9579.17; 9587.07; 9494.15; 9313.50; 9558.75; 9452.68; 9587.07; 9587.07; 9429.38; 9280.33; 9458.02; 9501.64; 9316.36; 9540.56; 0;0;0;0;0;0;0;0;0;0;0;0;0;0;0;0;0;0;0;0;0;0;0;0;0;0;0;0;0;0;0;0;0;0;0;0;0;0;0;0;Best solution: ;
9429.38; 9534.85; 9397.06; 9303.61; 9568.01; 9344.68; 9429.70; 9549.77; 9534.85; 9411.11; 9521.43; 9565.37; 9568.88; 9479.57; 9430.53; 9549.77; 9557.41; 9587.07; 9540.19; 9292.21; 9441.99; 9550.85; 9543.61; 9452.68; 9565.37; 9244.81; 9579.17; 9587.07; 9494.15; 9313.50; 9558.75; 9452.68; 9587.07; 9587.07; 9429.38; 9280.33; 9458.02; 9501.64; 9316.36; 9540.56; 0;0;0;0;0;0;0;0;0;0;0;0;0;0;0;0;0;0;0;0;0;0;0;0;0;0;0;0;0;0;0;0;0;0;0;0;0;0;0;0;Best solution: ;
9429.38; 9534.85; 9397.06; 9303.61; 9568.01; 9344.68; 9429.70; 9549.77; 9581.73; 9411.11; 9521.43; 9565.37; 9568.88; 9479.57; 9430.53; 9549.77; 9557.41; 9587.07; 9540.19; 9292.21; 9441.99; 9550.85; 9543.61; 9452.68; 9565.37; 9244.81; 9579.17; 9587.07; 9494.15; 9313.50; 9558.75; 9452.68; 9587.07; 9587.07; 9429.38; 9280.33; 9458.02; 9501.64; 9316.36; 9540.56; 0;0;0;0;0;0;0;0;0;0;0;0;0;0;0;0;0;0;0;0;0;0;0;0;0;0;0;0;0;0;0;0;0;0;0;0;0;0;0;0;Best solution: ;
9429.38; 9534.85; 9397.06; 9303.61; 9568.01; 9344.68; 9429.70; 9549.77; 9581.73; 9411.11; 9521.43; 9565.37; 9568.88; 9479.57; 9430.53; 9555.11; 9557.41; 9587.07; 9540.19; 9292.21; 9441.99; 9550.85; 9543.61; 9452.68; 9565.37; 9244.81; 9579.17; 9587.07; 9494.15; 9313.50; 9558.75; 9452.68; 9587.07; 9587.07; 9429.38; 9280.33; 9458.02; 9501.64; 9316.36; 9540.56; 0;0;0;0;0;0;0;0;0;0;0;0;0;0;0;0;0;0;0;0;0;0;0;0;0;0;0;0;0;0;0;0;0;0;0;0;0;0;0;0;Best solution: ;
9429.38; 9534.85; 9397.06; 9303.61; 9568.01; 9344.68; 9429.70; 9549.77; 9581.73; 9411.11; 9521.43; 9565.37; 9568.88; 9479.57; 9430.53; 9555.11; 9557.41; 9587.07; 9540.19; 9292.21; 9441.99; 9550.85; 9543.61; 9452.68; 9565.37; 9244.81; 9579.17; 9587.07; 9555.11; 9313.50; 9558.75; 9452.68; 9587.07; 9587.07; 9429.38; 9280.33; 9458.02; 9501.64; 9316.36; 9540.56; 0;0;0;0;0;0;0;0;0;0;0;0;0;0;0;0;0;0;0;0;0;0;0;0;0;0;0;0;0;0;0;0;0;0;0;0;0;0;0;0;Best solution: ;
